,"Pets live on this property,Suitable for Events,Wireless Internet,Iron,Elevator in Building,Family/Kid Friendly,TV,Dog(s),Fire Extinguisher,Indoor Fireplace,Hair Dryer,Safety Card,Hangers,Cable TV,Dryer,Hot Tub,Free Parking on Premises,Buzzer/Wireless Intercom,Washer,Breakfast,Carbon Monoxide Detector,Cat(s),Gym,Heating,Smoke Detector,Essentials,First Aid Kit,Shampoo,Laptop Friendly Workspace,Kitchen,Wheelchair Accessible,Internet,24-Hour Check-in"
Highland Park,"Wireless Internet,Pets live on this property,Pets Allowed,Iron,Family/Kid Friendly,Dog(s),TV,Fire Extinguisher,Indoor Fireplace,Hair Dryer,Safety Card,Cable TV,Other pet(s),Free Parking on Premises,Hot Tub,Hangers,Dryer,Washer,Carbon Monoxide Detector,Breakfast,Cat(s),Air Conditioning,Smoke Detector,Essentials,First Aid Kit,Heating,Shampoo,24-Hour Check-in,Kitchen,Internet,Wheelchair Accessible,Laptop Friendly Workspace"
Southeast Magnolia,"Pets live on this property,Iron,Suitable for Events,Wireless Internet,Pool,Pets Allowed,Family/Kid Friendly,Elevator in Building,Dog(s),Fire Extinguisher,Indoor Fireplace,TV,Hair Dryer,Dryer,Cable TV,Free Parking on Premises,Hot Tub,Safety Card,Hangers,Carbon Monoxide Detector,Cat(s),Washer,Gym,Essentials,First Aid Kit,Smoke Detector,Air Conditioning,Heating,Shampoo,Lock on Bedroom Door,Internet,Kitchen,Laptop Friendly Workspace,24-Hour Check-in"
Briarcliff,"Pets live on this property,Iron,Wireless Internet,Suitable for Events,Pets Allowed,Family/Kid Friendly,Hair Dryer,TV,Indoor Fireplace,Dog(s),Fire Extinguisher,Safety Card,Cable TV,Hot Tub,Free Parking on Premises,Dryer,Hangers,Carbon Monoxide Detector,Breakfast,Cat(s),Washer,Smoke Detector,Heating,First Aid Kit,Essentials,Air Conditioning,Shampoo,Internet,Kitchen,24-Hour Check-in,Laptop Friendly Workspace,Wheelchair Accessible"
West Queen Anne,"Wireless Internet,Pets Allowed,Iron,Pets live on this property,Suitable for Events,Family/Kid Friendly,Elevator in Building,Indoor Fireplace,Dog(s),Hair Dryer,Fire Extinguisher,TV,Dryer,Hangers,Safety Card,Other pet(s),Cable TV,Hot Tub,Free Parking on Premises,Cat(s),Buzzer/Wireless Intercom,Gym,Carbon Monoxide Detector,Washer,Breakfast,Air Conditioning,Heating,Essentials,Smoke Detector,First Aid Kit,Shampoo,Lock on Bedroom Door,24-Hour Check-in,Wheelchair Accessible,Kitchen,Internet,Laptop Friendly Workspace"
North Beach/Blue Ridge,"Pets Allowed,Suitable for Events,Iron,Pets live on this property,Wireless Internet,Family/Kid Friendly,,Dog(s),Indoor Fireplace,Fire Extinguisher,Hair Dryer,TV,Free Parking on Premises,Cable TV,Hot Tub,Hangers,Safety Card,Dryer,Washer,Cat(s),Carbon Monoxide Detector,Breakfast,Gym,Buzzer/Wireless Intercom,Air Conditioning,Essentials,Smoke Detector,Heating,First Aid Kit,Shampoo,Internet,Kitchen,24-Hour Check-in,Laptop Friendly Workspace"
Crown Hill,"Suitable for Events,Pets live on this property,Iron,Pets Allowed,Wireless Internet,Smoking Allowed,Family/Kid Friendly,TV,Dog(s),Fire Extinguisher,Indoor Fireplace,Hot Tub,Cable TV,Free Parking on Premises,Dryer,Hangers,Safety Card,Washer,Buzzer/Wireless Intercom,Breakfast,Gym,Cat(s),Carbon Monoxide Detector,Essentials,Air Conditioning,Heating,First Aid Kit,Smoke Detector,Lock on Bedroom Door,Shampoo,24-Hour Check-in,Internet,Kitchen,Laptop Friendly Workspace"
Bitter Lake,"Pets live on this property,Pool,Iron,Wireless Internet,Suitable for Events,Pets Allowed,Smoking Allowed,Elevator in Building,Family/Kid Friendly,TV,Indoor Fireplace,Dog(s),Hair Dryer,Fire Extinguisher,Safety Card,Free Parking on Premises,Hot Tub,Cable TV,Dryer,Hangers,Breakfast,Buzzer/Wireless Intercom,Carbon Monoxide Detector,Washer,Cat(s),Gym,Essentials,Smoke Detector,First Aid Kit,Heating,Lock on Bedroom Door,Shampoo,Internet,Laptop Friendly Workspace,Kitchen,24-Hour Check-in"
Riverview,"Iron,Suitable for Events,Pets live on this property,Wireless Internet,Pets Allowed,Family/Kid Friendly,Fire Extinguisher,TV,Hair Dryer,Indoor Fireplace,Dog(s),Safety Card,Cable TV,Dryer,Hangers,Free Parking on Premises,Buzzer/Wireless Intercom,Breakfast,Carbon Monoxide Detector,Washer,Cat(s),First Aid Kit,Air Conditioning,Essentials,Smoke Detector,Heating,Shampoo,Kitchen,24-Hour Check-in,Internet,Laptop Friendly Workspace"
North Delridge,"Air Conditioning,Essentials,First Aid Kit,Smoke Detector,Heating,Cat(s),Breakfast,Carbon Monoxide Detector,Gym,Washer,Buzzer/Wireless Intercom,Safety Card,Doorman,Free Parking on Premises,Hangers,Dryer,Cable TV,Hot Tub,Hair Dryer,TV,Fire Extinguisher,Indoor Fireplace,Dog(s),Smoking Allowed,Family/Kid Friendly,Elevator in Building,Pets Allowed,Suitable for Events,Iron,Wireless Internet,Pool,Pets live on this property,Wheelchair Accessible,Kitchen,Laptop Friendly Workspace,Internet,Washer / Dryer,24-Hour Check-in,Lock on Bedroom Door,Shampoo"
Georgetown,"First Aid Kit,Air Conditioning,Heating,Essentials,Smoke Detector,Washer,Buzzer/Wireless Intercom,Carbon Monoxide Detector,Safety Card,Dryer,Free Parking on Premises,Cable TV,Indoor Fireplace,Fire Extinguisher,TV,Dog(s),Family/Kid Friendly,Wireless Internet,Pets live on this property,Internet,Kitchen,Shampoo"
Lower Queen Anne,"First Aid Kit,Essentials,Smoke Detector,Heating,Air Conditioning,Cat(s),Buzzer/Wireless Intercom,Breakfast,Carbon Monoxide Detector,Gym,Washer,Doorman,Hangers,Free Parking on Premises,Dryer,Hot Tub,Cable TV,Safety Card,TV,Dog(s),Hair Dryer,Fire Extinguisher,,Indoor Fireplace,Family/Kid Friendly,Elevator in Building,Pets live on this property,Suitable for Events,Pets Allowed,Iron,Wireless Internet,24-Hour Check-in,Kitchen,Laptop Friendly Workspace,Wheelchair Accessible,Internet,Shampoo"
Pioneer Square,"Heating,Air Conditioning,Smoke Detector,First Aid Kit,Essentials,Gym,Carbon Monoxide Detector,Buzzer/Wireless Intercom,Washer,Cat(s),Dryer,Hot Tub,Cable TV,Hangers,Safety Card,Free Parking on Premises,Doorman,,Hair Dryer,TV,Dog(s),Fire Extinguisher,Elevator in Building,Family/Kid Friendly,Wireless Internet,Pets Allowed,Pool,Iron,Suitable for Events,Pets live on this property,Internet,Kitchen,Wheelchair Accessible,Laptop Friendly Workspace,24-Hour Check-in,Shampoo"
Pike-Market,"Air Conditioning,First Aid Kit,Heating,Smoke Detector,Essentials,Carbon Monoxide Detector,Washer,Gym,Breakfast,Buzzer/Wireless Intercom,Free Parking on Premises,Doorman,Safety Card,Dryer,Cable TV,Hot Tub,Hangers,Dog(s),Hair Dryer,Fire Extinguisher,TV,Smoking Allowed,Elevator in Building,Family/Kid Friendly,Pool,Iron,Pets Allowed,Pets live on this property,Wireless Internet,24-Hour Check-in,Internet,Kitchen,Laptop Friendly Workspace,Wheelchair Accessible,Shampoo"
Seaview,"Essentials,Smoke Detector,First Aid Kit,Air Conditioning,Heating,Buzzer/Wireless Intercom,Gym,Cat(s),Washer,Carbon Monoxide Detector,Breakfast,Dryer,Cable TV,Free Parking on Premises,Hangers,Safety Card,Indoor Fireplace,Dog(s),Fire Extinguisher,TV,Hair Dryer,Family/Kid Friendly,Elevator in Building,Suitable for Events,Wireless Internet,Pets live on this property,Iron,Pets Allowed,Laptop Friendly Workspace,Internet,24-Hour Check-in,Wheelchair Accessible,Kitchen,Shampoo"
Broadway,"Smoke Detector,Heating,Essentials,Air Conditioning,First Aid Kit,Cat(s),Carbon Monoxide Detector,Washer,Breakfast,Gym,Buzzer/Wireless Intercom,Other pet(s),Cable TV,Free Parking on Premises,Hangers,Dryer,Safety Card,Hot Tub,Doorman,TV,,Fire Extinguisher,Dog(s),Hair Dryer,Indoor Fireplace,Family/Kid Friendly,Elevator in Building,Smoking Allowed,Pets live on this property,Pool,Wireless Internet,Pets Allowed,Suitable for Events,Iron,Internet,Laptop Friendly Workspace,Kitchen,Wheelchair Accessible,24-Hour Check-in,Shampoo,Lock on Bedroom Door"
Fauntleroy,"Heating,First Aid Kit,Air Conditioning,Essentials,Smoke Detector,Buzzer/Wireless Intercom,Breakfast,Carbon Monoxide Detector,Cat(s),Washer,Other pet(s),Free Parking on Premises,Dryer,Cable TV,Hangers,Safety Card,Indoor Fireplace,TV,Fire Extinguisher,Hair Dryer,Family/Kid Friendly,Iron,Pets live on this property,Wireless Internet,Pets Allowed,Internet,Laptop Friendly Workspace,24-Hour Check-in,Kitchen,Shampoo"
Industrial District,"TV,Indoor Fireplace,Internet,Wheelchair Accessible,Kitchen,Suitable for Events,Wireless Internet,Air Conditioning,Smoke Detector,Essentials,First Aid Kit,Heating,Shampoo,Cable TV,Dryer,Carbon Monoxide Detector,Buzzer/Wireless Intercom,Washer,Family/Kid Friendly,Elevator in Building"
Lawton Park,"Dog(s),Hair Dryer,TV,,Indoor Fireplace,Fire Extinguisher,Laptop Friendly Workspace,Kitchen,Internet,24-Hour Check-in,Wheelchair Accessible,Iron,Suitable for Events,Pool,Wireless Internet,Pets live on this property,Pets Allowed,Smoke Detector,Heating,Essentials,Air Conditioning,First Aid Kit,Shampoo,Lock on Bedroom Door,Cable TV,Safety Card,Free Parking on Premises,Hangers,Dryer,Hot Tub,Carbon Monoxide Detector,Buzzer/Wireless Intercom,Gym,Washer,Cat(s),Breakfast,Smoking Allowed,Family/Kid Friendly,Elevator in Building"
Gatewood,"Hair Dryer,Dog(s),Fire Extinguisher,Indoor Fireplace,TV,Kitchen,Internet,Laptop Friendly Workspace,Wheelchair Accessible,Pets Allowed,Wireless Internet,Iron,Pets live on this property,Suitable for Events,Smoke Detector,First Aid Kit,Essentials,Air Conditioning,Heating,Lock on Bedroom Door,Shampoo,Cable TV,Hangers,Hot Tub,Dryer,Free Parking on Premises,Safety Card,Washer,Carbon Monoxide Detector,Cat(s),Family/Kid Friendly,Smoking Allowed,Elevator in Building"
Haller Lake,"Indoor Fireplace,Fire Extinguisher,Dog(s),TV,Hair Dryer,Laptop Friendly Workspace,24-Hour Check-in,Kitchen,Internet,Wireless Internet,Iron,Pets live on this property,Heating,Smoke Detector,First Aid Kit,Essentials,Air Conditioning,Shampoo,Safety Card,Cable TV,Hot Tub,Free Parking on Premises,Dryer,Hangers,Cat(s),Carbon Monoxide Detector,Breakfast,Washer,Family/Kid Friendly"
West Woodland,"Hair Dryer,Dog(s),Indoor Fireplace,Fire Extinguisher,TV,Wheelchair Accessible,Kitchen,Laptop Friendly Workspace,Internet,24-Hour Check-in,Iron,Wireless Internet,Pets live on this property,Suitable for Events,Pets Allowed,Essentials,Heating,Smoke Detector,First Aid Kit,Air Conditioning,Lock on Bedroom Door,Shampoo,Safety Card,Hot Tub,Hangers,Dryer,Free Parking on Premises,Cable TV,Buzzer/Wireless Intercom,Cat(s),Carbon Monoxide Detector,Washer,Breakfast,Gym,Family/Kid Friendly,Smoking Allowed,Elevator in Building"
Interbay,"TV,Dog(s),Fire Extinguisher,Indoor Fireplace,Internet,Kitchen,Wheelchair Accessible,24-Hour Check-in,Laptop Friendly Workspace,Pets Allowed,Wireless Internet,Pets live on this property,Suitable for Events,Iron,Smoke Detector,Air Conditioning,Essentials,Heating,First Aid Kit,Lock on Bedroom Door,Shampoo,Dryer,Free Parking on Premises,Cable TV,Safety Card,Hangers,Breakfast,Carbon Monoxide Detector,Buzzer/Wireless Intercom,Gym,Washer,Cat(s),Family/Kid Friendly,Elevator in Building"
Laurelhurst,"Dog(s),TV,Indoor Fireplace,Hair Dryer,Fire Extinguisher,Internet,Laptop Friendly Workspace,Kitchen,Wheelchair Accessible,Wireless Internet,Pets Allowed,Iron,Pets live on this property,First Aid Kit,Smoke Detector,Essentials,Air Conditioning,Heating,Shampoo,Lock on Bedroom Door,Dryer,Hangers,Free Parking on Premises,Hot Tub,Cable TV,Other pet(s),Safety Card,Cat(s),Washer,Gym,Carbon Monoxide Detector,Breakfast,Family/Kid Friendly"
Eastlake,"TV,Dog(s),Fire Extinguisher,Hair Dryer,Indoor Fireplace,Wheelchair Accessible,24-Hour Check-in,Kitchen,Laptop Friendly Workspace,Internet,Pets Allowed,Pool,Pets live on this property,Suitable for Events,Wireless Internet,Iron,Essentials,First Aid Kit,Heating,Smoke Detector,Air Conditioning,Shampoo,Cable TV,Dryer,Safety Card,Hangers,Free Parking on Premises,Buzzer/Wireless Intercom,Cat(s),Breakfast,Carbon Monoxide Detector,Gym,Washer,Elevator in Building,Family/Kid Friendly"
Matthews Beach,"Dog(s),Indoor Fireplace,Fire Extinguisher,Hair Dryer,TV,Kitchen,Wheelchair Accessible,Laptop Friendly Workspace,24-Hour Check-in,Internet,Pets Allowed,Pets live on this property,Iron,Wireless Internet,Essentials,Air Conditioning,Heating,First Aid Kit,Smoke Detector,Lock on Bedroom Door,Shampoo,Free Parking on Premises,Cable TV,Dryer,Safety Card,Hangers,Cat(s),Gym,Carbon Monoxide Detector,Buzzer/Wireless Intercom,Washer,Breakfast,Family/Kid Friendly,Smoking Allowed"
North Queen Anne,"Internet,Laptop Friendly Workspace,Wheelchair Accessible,Kitchen,24-Hour Check-in,Dog(s),Fire Extinguisher,Indoor Fireplace,Hair Dryer,TV,,Family/Kid Friendly,Elevator in Building,Carbon Monoxide Detector,Washer,Buzzer/Wireless Intercom,Cat(s),Breakfast,Gym,Doorman,Dryer,Cable TV,Other pet(s),Hot Tub,Free Parking on Premises,Hangers,Safety Card,Lock on Bedroom Door,Shampoo,Smoke Detector,Heating,First Aid Kit,Essentials,Air Conditioning,Pool,Pets live on this property,Suitable for Events,Iron,Pets Allowed,Wireless Internet"
Arbor Heights,"Kitchen,Internet,Indoor Fireplace,TV,Dog(s),Fire Extinguisher,,Family/Kid Friendly,Carbon Monoxide Detector,Washer,Cable TV,Hot Tub,Free Parking on Premises,Safety Card,Dryer,Shampoo,Essentials,Heating,First Aid Kit,Smoke Detector,Wireless Internet,Pets live on this property"
Belltown,"24-Hour Check-in,Internet,Laptop Friendly Workspace,Kitchen,Wheelchair Accessible,Indoor Fireplace,Fire Extinguisher,Dog(s),TV,Hair Dryer,,Family/Kid Friendly,Smoking Allowed,Elevator in Building,Breakfast,Gym,Washer,Buzzer/Wireless Intercom,Carbon Monoxide Detector,Cat(s),Hangers,Hot Tub,Cable TV,Dryer,Free Parking on Premises,Doorman,Safety Card,Shampoo,Essentials,First Aid Kit,Smoke Detector,Heating,Air Conditioning,Iron,Wireless Internet,Suitable for Events,Pets live on this property,Pets Allowed,Pool"
Mount Baker,"Kitchen,Wheelchair Accessible,24-Hour Check-in,Laptop Friendly Workspace,Internet,Fire Extinguisher,,Dog(s),TV,Indoor Fireplace,Hair Dryer,Smoking Allowed,Family/Kid Friendly,Gym,Breakfast,Carbon Monoxide Detector,Cat(s),Washer,Cable TV,Free Parking on Premises,Dryer,Safety Card,Hot Tub,Other pet(s),Hangers,Shampoo,Lock on Bedroom Door,Essentials,Heating,First Aid Kit,Smoke Detector,Air Conditioning,Pets Allowed,Pets live on this property,Suitable for Events,Iron,Wireless Internet"
South Delridge,"Kitchen,Laptop Friendly Workspace,24-Hour Check-in,Internet,Wheelchair Accessible,Indoor Fireplace,Fire Extinguisher,,Hair Dryer,TV,Family/Kid Friendly,Smoking Allowed,Breakfast,Carbon Monoxide Detector,Cat(s),Washer,Cable TV,Safety Card,Free Parking on Premises,Hangers,Hot Tub,Dryer,Shampoo,First Aid Kit,Air Conditioning,Smoke Detector,Essentials,Heating,Pets Allowed,Iron,Wireless Internet,Pets live on this property,Suitable for Events"
Montlake,"Laptop Friendly Workspace,Internet,Kitchen,24-Hour Check-in,Indoor Fireplace,Dog(s),Fire Extinguisher,Hair Dryer,TV,Family/Kid Friendly,Washer,Breakfast,Cat(s),Carbon Monoxide Detector,Gym,Other pet(s),Free Parking on Premises,Cable TV,Safety Card,Dryer,Hangers,Lock on Bedroom Door,Shampoo,Smoke Detector,Heating,Air Conditioning,Essentials,First Aid Kit,Iron,Wireless Internet,Pets Allowed,Pets live on this property"
Phinney Ridge,"Kitchen,24-Hour Check-in,Internet,Laptop Friendly Workspace,Indoor Fireplace,Fire Extinguisher,Hair Dryer,TV,Dog(s),,Elevator in Building,Family/Kid Friendly,Breakfast,Gym,Cat(s),Washer,Carbon Monoxide Detector,Buzzer/Wireless Intercom,Hangers,Cable TV,Dryer,Other pet(s),Safety Card,Free Parking on Premises,Hot Tub,Shampoo,Heating,Essentials,Air Conditioning,First Aid Kit,Smoke Detector,Iron,Wireless Internet,Suitable for Events,Pets live on this property,Pets Allowed,Pool"
Columbia City,"Cat(s),Carbon Monoxide Detector,Buzzer/Wireless Intercom,Breakfast,Washer,Gym,Essentials,Air Conditioning,First Aid Kit,Smoke Detector,Heating,Shampoo,Lock on Bedroom Door,24-Hour Check-in,Kitchen,Wheelchair Accessible,Internet,Laptop Friendly Workspace,Wireless Internet,Pets Allowed,Iron,Suitable for Events,Pets live on this property,Family/Kid Friendly,Smoking Allowed,Elevator in Building,Hair Dryer,Dog(s),Fire Extinguisher,Indoor Fireplace,TV,Other pet(s),Dryer,Cable TV,Free Parking on Premises,Hot Tub,Safety Card,Hangers"
Green Lake,"Gym,Buzzer/Wireless Intercom,Carbon Monoxide Detector,Cat(s),Breakfast,Washer,Essentials,Smoke Detector,First Aid Kit,Heating,Air Conditioning,Shampoo,Lock on Bedroom Door,24-Hour Check-in,Internet,Laptop Friendly Workspace,Kitchen,Wheelchair Accessible,Pets live on this property,Suitable for Events,Pets Allowed,Iron,Wireless Internet,Family/Kid Friendly,Elevator in Building,Dog(s),Hair Dryer,Fire Extinguisher,TV,Indoor Fireplace,Free Parking on Premises,Hot Tub,Hangers,Dryer,Other pet(s),Cable TV,Safety Card"
Olympic Hills,"Breakfast,Cat(s),Washer,Carbon Monoxide Detector,Smoke Detector,First Aid Kit,Heating,Essentials,Air Conditioning,Shampoo,Lock on Bedroom Door,24-Hour Check-in,Internet,Laptop Friendly Workspace,Kitchen,Wheelchair Accessible,Iron,Wireless Internet,Pets live on this property,Suitable for Events,Family/Kid Friendly,Hair Dryer,TV,Indoor Fireplace,,Fire Extinguisher,Safety Card,Hangers,Dryer,Cable TV,Free Parking on Premises"
Westlake,"Buzzer/Wireless Intercom,Carbon Monoxide Detector,Washer,Cat(s),Gym,Breakfast,Smoke Detector,Air Conditioning,Essentials,Heating,First Aid Kit,Shampoo,Internet,24-Hour Check-in,Wheelchair Accessible,Laptop Friendly Workspace,Kitchen,Pets live on this property,Pets Allowed,Suitable for Events,Wireless Internet,Iron,Smoking Allowed,Elevator in Building,Family/Kid Friendly,,Hair Dryer,Indoor Fireplace,Fire Extinguisher,Dog(s),TV,Dryer,Free Parking on Premises,Safety Card,Hot Tub,Hangers,Cable TV"
View Ridge,"Carbon Monoxide Detector,Breakfast,Washer,Gym,Essentials,First Aid Kit,Heating,Air Conditioning,Smoke Detector,Shampoo,Kitchen,24-Hour Check-in,Internet,Laptop Friendly Workspace,Pool,Iron,Suitable for Events,Pets Allowed,Wireless Internet,Family/Kid Friendly,TV,Dog(s),Indoor Fireplace,Fire Extinguisher,Dryer,Hangers,Hot Tub,Cable TV,Free Parking on Premises,Safety Card"
Atlantic,"Buzzer/Wireless Intercom,Carbon Monoxide Detector,Cat(s),Breakfast,Gym,Washer,First Aid Kit,Essentials,Air Conditioning,Smoke Detector,Heating,Shampoo,Lock on Bedroom Door,Wheelchair Accessible,Laptop Friendly Workspace,24-Hour Check-in,Internet,Kitchen,Pool,Pets live on this property,Iron,Suitable for Events,Pets Allowed,Wireless Internet,Family/Kid Friendly,Elevator in Building,Smoking Allowed,Indoor Fireplace,Hair Dryer,,Dog(s),Fire Extinguisher,TV,Hot Tub,Hangers,Safety Card,Cable TV,Dryer,Free Parking on Premises"
Fremont,"Cat(s),Breakfast,Washer,Buzzer/Wireless Intercom,Carbon Monoxide Detector,Gym,Heating,Air Conditioning,Smoke Detector,Essentials,First Aid Kit,Lock on Bedroom Door,Shampoo,Kitchen,Laptop Friendly Workspace,24-Hour Check-in,Internet,Wheelchair Accessible,Pets Allowed,Wireless Internet,Iron,Pets live on this property,Suitable for Events,Elevator in Building,Smoking Allowed,Family/Kid Friendly,Dog(s),TV,Fire Extinguisher,Indoor Fireplace,Hair Dryer,Hangers,Free Parking on Premises,Safety Card,Hot Tub,Cable TV,Other pet(s),Dryer"
Wallingford,"Carbon Monoxide Detector,Cat(s),Gym,Breakfast,Washer,Buzzer/Wireless Intercom,First Aid Kit,Heating,Essentials,Smoke Detector,Air Conditioning,Shampoo,Lock on Bedroom Door,Wheelchair Accessible,Internet,Laptop Friendly Workspace,Kitchen,24-Hour Check-in,Pets Allowed,Pets live on this property,Wireless Internet,Iron,Pool,Suitable for Events,Smoking Allowed,Elevator in Building,Family/Kid Friendly,Hair Dryer,Indoor Fireplace,TV,Dog(s),Fire Extinguisher,,Cable TV,Hangers,Hot Tub,Safety Card,Other pet(s),Dryer,Free Parking on Premises"
Sunset Hill,"Washer,Carbon Monoxide Detector,Breakfast,Heating,Essentials,Smoke Detector,First Aid Kit,Air Conditioning,Shampoo,24-Hour Check-in,Internet,Kitchen,Laptop Friendly Workspace,Pets Allowed,Iron,Wireless Internet,Pets live on this property,Family/Kid Friendly,,Indoor Fireplace,Hair Dryer,Dog(s),TV,Fire Extinguisher,Dryer,Hangers,Hot Tub,Cable TV,Other pet(s),Free Parking on Premises,Safety Card"
High Point,"Washer,Carbon Monoxide Detector,Breakfast,Cat(s),Gym,Heating,First Aid Kit,Smoke Detector,Essentials,Air Conditioning,Lock on Bedroom Door,Shampoo,24-Hour Check-in,Laptop Friendly Workspace,Kitchen,Internet,Suitable for Events,Iron,Wireless Internet,Pets Allowed,Pets live on this property,Family/Kid Friendly,Smoking Allowed,Indoor Fireplace,Hair Dryer,Dog(s),Fire Extinguisher,TV,Free Parking on Premises,Dryer,Hot Tub,Safety Card,Hangers,Cable TV"
Windermere,"Buzzer/Wireless Intercom,Carbon Monoxide Detector,Breakfast,Cat(s),Washer,Air Conditioning,Smoke Detector,First Aid Kit,Heating,Essentials,Shampoo,Internet,Laptop Friendly Workspace,Kitchen,Pets live on this property,Pets Allowed,Iron,Wireless Internet,Family/Kid Friendly,TV,Dog(s),Indoor Fireplace,Hair Dryer,Fire Extinguisher,Hangers,Hot Tub,Cable TV,Free Parking on Premises,Safety Card,Dryer"
North College Park,"Washer,Breakfast,Carbon Monoxide Detector,Cat(s),Gym,Buzzer/Wireless Intercom,Smoke Detector,First Aid Kit,Heating,Air Conditioning,Essentials,Shampoo,Wheelchair Accessible,Kitchen,24-Hour Check-in,Laptop Friendly Workspace,Internet,Pets live on this property,Iron,Pool,Wireless Internet,Suitable for Events,Pets Allowed,Elevator in Building,Smoking Allowed,Family/Kid Friendly,Hair Dryer,Dog(s),Fire Extinguisher,Indoor Fireplace,TV,,Dryer,Safety Card,Hangers,Hot Tub,Cable TV,Free Parking on Premises"
Leschi,"Carbon Monoxide Detector,Breakfast,Cat(s),Washer,Air Conditioning,Heating,First Aid Kit,Smoke Detector,Essentials,Shampoo,Laptop Friendly Workspace,Wheelchair Accessible,Internet,24-Hour Check-in,Kitchen,Iron,Pets Allowed,Wireless Internet,Pets live on this property,Suitable for Events,Elevator in Building,Smoking Allowed,Family/Kid Friendly,Indoor Fireplace,Dog(s),TV,Hair Dryer,Fire Extinguisher,Other pet(s),Cable TV,Hot Tub,Safety Card,Dryer,Hangers,Free Parking on Premises"
International District,"Carbon Monoxide Detector,Buzzer/Wireless Intercom,Gym,Breakfast,Cat(s),Washer,Smoke Detector,Essentials,Air Conditioning,First Aid Kit,Heating,Shampoo,24-Hour Check-in,Internet,Laptop Friendly Workspace,Kitchen,Wheelchair Accessible,Iron,Suitable for Events,Pets Allowed,Pets live on this property,Wireless Internet,Elevator in Building,Smoking Allowed,Family/Kid Friendly,Dog(s),Fire Extinguisher,Hair Dryer,TV,Indoor Fireplace,Hangers,Cable TV,Dryer,Safety Card,Free Parking on Premises"
Harrison/Denny-Blaine,"Washer,Carbon Monoxide Detector,Cat(s),Heating,First Aid Kit,Air Conditioning,Essentials,Smoke Detector,Lock on Bedroom Door,Shampoo,Kitchen,Laptop Friendly Workspace,Wheelchair Accessible,Internet,24-Hour Check-in,Pets live on this property,Pets Allowed,Iron,Wireless Internet,Family/Kid Friendly,Indoor Fireplace,Hair Dryer,Fire Extinguisher,Dog(s),TV,Other pet(s),Hangers,Free Parking on Premises,Cable TV,Dryer,Safety Card"
Wedgwood,"Cat(s),Carbon Monoxide Detector,Buzzer/Wireless Intercom,Washer,Breakfast,Essentials,First Aid Kit,Smoke Detector,Heating,Air Conditioning,Shampoo,Lock on Bedroom Door,24-Hour Check-in,Kitchen,Internet,Laptop Friendly Workspace,Wheelchair Accessible,Pets live on this property,Wireless Internet,Pets Allowed,Suitable for Events,Pool,Iron,Elevator in Building,Family/Kid Friendly,Hair Dryer,Dog(s),TV,Fire Extinguisher,Indoor Fireplace,Safety Card,Free Parking on Premises,Cable TV,Hot Tub,Hangers,Other pet(s),Dryer"
First Hill,"Family/Kid Friendly,Smoking Allowed,Elevator in Building,Suitable for Events,Pets Allowed,Wireless Internet,Pets live on this property,Pool,Iron,Internet,Laptop Friendly Workspace,Wheelchair Accessible,Kitchen,24-Hour Check-in,Shampoo,Lock on Bedroom Door,Heating,Essentials,Smoke Detector,First Aid Kit,Air Conditioning,Buzzer/Wireless Intercom,Gym,Carbon Monoxide Detector,Cat(s),Breakfast,Washer,Doorman,Hot Tub,Cable TV,Dryer,Hangers,Free Parking on Premises,Safety Card,Fire Extinguisher,Hair Dryer,Dog(s),Indoor Fireplace,TV"
Roxhill,"Family/Kid Friendly,Wireless Internet,Pets Allowed,Internet,Kitchen,Shampoo,First Aid Kit,Smoke Detector,Essentials,Heating,Washer,Carbon Monoxide Detector,Free Parking on Premises,Hot Tub,Cable TV,Dryer,Safety Card,Indoor Fireplace,TV,Fire Extinguisher"
North Beacon Hill,"Smoking Allowed,Elevator in Building,Family/Kid Friendly,Pets Allowed,Iron,Wireless Internet,Pool,Pets live on this property,Suitable for Events,24-Hour Check-in,Kitchen,Wheelchair Accessible,Internet,Laptop Friendly Workspace,Shampoo,Lock on Bedroom Door,Smoke Detector,Air Conditioning,Heating,Essentials,First Aid Kit,Washer,Cat(s),Carbon Monoxide Detector,Buzzer/Wireless Intercom,Breakfast,Dryer,Hangers,Other pet(s),Cable TV,Free Parking on Premises,Safety Card,Hot Tub,Dog(s),,Indoor Fireplace,Hair Dryer,TV,Fire Extinguisher"
Victory Heights,"Elevator in Building,Family/Kid Friendly,Pets live on this property,Iron,Suitable for Events,Wireless Internet,Pets Allowed,Kitchen,Internet,24-Hour Check-in,Laptop Friendly Workspace,Shampoo,Heating,Smoke Detector,Air Conditioning,Essentials,First Aid Kit,Washer,Carbon Monoxide Detector,Cable TV,Safety Card,Dryer,Hot Tub,Free Parking on Premises,Hangers,TV,Indoor Fireplace,Dog(s),Fire Extinguisher,Hair Dryer,"
Fairmount Park,"Elevator in Building,Family/Kid Friendly,Suitable for Events,Pets Allowed,Iron,Wireless Internet,Pets live on this property,Internet,Laptop Friendly Workspace,Wheelchair Accessible,24-Hour Check-in,Kitchen,Shampoo,Smoke Detector,Heating,Air Conditioning,Essentials,First Aid Kit,Buzzer/Wireless Intercom,Carbon Monoxide Detector,Breakfast,Washer,Cat(s),Gym,Cable TV,Dryer,Hangers,Free Parking on Premises,Safety Card,TV,Fire Extinguisher,Hair Dryer,Dog(s),Indoor Fireplace"
Cedar Park,"Elevator in Building,Family/Kid Friendly,Smoking Allowed,Pets live on this property,Wireless Internet,Pets Allowed,Wheelchair Accessible,Kitchen,Internet,Shampoo,Heating,Smoke Detector,Essentials,Air Conditioning,First Aid Kit,Washer,Cat(s),Carbon Monoxide Detector,Buzzer/Wireless Intercom,Dryer,Cable TV,Safety Card,Hot Tub,Free Parking on Premises,Fire Extinguisher,Indoor Fireplace,TV"
Seward Park,"Family/Kid Friendly,Pets Allowed,Pool,Wireless Internet,Suitable for Events,Pets live on this property,Iron,Internet,Laptop Friendly Workspace,Kitchen,Wheelchair Accessible,24-Hour Check-in,Lock on Bedroom Door,Shampoo,First Aid Kit,Heating,Essentials,Smoke Detector,Air Conditioning,Cat(s),Carbon Monoxide Detector,Washer,Breakfast,Free Parking on Premises,Safety Card,Cable TV,Other pet(s),Hot Tub,Dryer,Hangers,TV,Fire Extinguisher,Dog(s),Hair Dryer,Indoor Fireplace"
Portage Bay,"Family/Kid Friendly,Elevator in Building,Pets Allowed,Iron,Wireless Internet,Pets live on this property,Kitchen,Laptop Friendly Workspace,Internet,24-Hour Check-in,Shampoo,Lock on Bedroom Door,Essentials,Heating,Air Conditioning,Smoke Detector,First Aid Kit,Carbon Monoxide Detector,Washer,Buzzer/Wireless Intercom,Hangers,Dryer,Cable TV,Free Parking on Premises,Safety Card,Indoor Fireplace,Fire Extinguisher,Dog(s),Hair Dryer,TV"
South Lake Union,"Smoking Allowed,Elevator in Building,Family/Kid Friendly,Suitable for Events,Pets live on this property,Pets Allowed,Iron,Wireless Internet,Kitchen,Wheelchair Accessible,24-Hour Check-in,Laptop Friendly Workspace,Internet,Shampoo,Smoke Detector,Heating,Air Conditioning,First Aid Kit,Essentials,Breakfast,Gym,Cat(s),Carbon Monoxide Detector,Buzzer/Wireless Intercom,Washer,Doorman,Hangers,Dryer,Hot Tub,Safety Card,Cable TV,Free Parking on Premises,TV,Indoor Fireplace,Hair Dryer,Fire Extinguisher,Dog(s)"
University District,"Smoking Allowed,Family/Kid Friendly,Elevator in Building,Pets Allowed,Suitable for Events,Pets live on this property,Pool,Iron,Wireless Internet,Wheelchair Accessible,Internet,24-Hour Check-in,Laptop Friendly Workspace,Kitchen,Lock on Bedroom Door,Shampoo,Essentials,Smoke Detector,First Aid Kit,Air Conditioning,Heating,Breakfast,Cat(s),Buzzer/Wireless Intercom,Gym,Washer,Carbon Monoxide Detector,Cable TV,Safety Card,Free Parking on Premises,Hangers,Dryer,Hot Tub,Doorman,Hair Dryer,,TV,Dog(s),Indoor Fireplace,Fire Extinguisher"
Adams,"Elevator in Building,Family/Kid Friendly,Wireless Internet,Iron,Suitable for Events,Pets live on this property,Pets Allowed,Internet,24-Hour Check-in,Kitchen,Wheelchair Accessible,Laptop Friendly Workspace,Shampoo,Lock on Bedroom Door,First Aid Kit,Essentials,Heating,Smoke Detector,Air Conditioning,Breakfast,Buzzer/Wireless Intercom,Carbon Monoxide Detector,Washer,Gym,Cat(s),Dryer,Free Parking on Premises,Hot Tub,Cable TV,Safety Card,Hangers,Indoor Fireplace,,Fire Extinguisher,TV,Dog(s),Hair Dryer"
Broadview,"Shampoo,Free Parking on Premises,Other pet(s),Safety Card,Dryer,Cable TV,Breakfast,Washer,Carbon Monoxide Detector,Cat(s),Smoking Allowed,Family/Kid Friendly,Fire Extinguisher,Indoor Fireplace,Dog(s),TV,Kitchen,Internet,Wireless Internet,Pets live on this property,Pets Allowed,Heating,Air Conditioning,Smoke Detector,First Aid Kit,Essentials"
Roosevelt,"Shampoo,Lock on Bedroom Door,Hangers,Safety Card,Other pet(s),Dryer,Hot Tub,Cable TV,Free Parking on Premises,Buzzer/Wireless Intercom,Washer,Gym,Cat(s),Carbon Monoxide Detector,Breakfast,Elevator in Building,Family/Kid Friendly,Smoking Allowed,TV,Indoor Fireplace,Hair Dryer,Fire Extinguisher,Dog(s),Wheelchair Accessible,Laptop Friendly Workspace,Kitchen,Internet,24-Hour Check-in,Suitable for Events,Pets live on this property,Wireless Internet,Pets Allowed,Iron,Essentials,Air Conditioning,Heating,Smoke Detector,First Aid Kit"
Holly Park,"Shampoo,Lock on Bedroom Door,Safety Card,Free Parking on Premises,Hot Tub,Cable TV,Hangers,Dryer,Carbon Monoxide Detector,Washer,Breakfast,Gym,Elevator in Building,Family/Kid Friendly,,Indoor Fireplace,Hair Dryer,Fire Extinguisher,Dog(s),TV,Laptop Friendly Workspace,Kitchen,Internet,Pets Allowed,Iron,Pets live on this property,Wireless Internet,Air Conditioning,Smoke Detector,Essentials,First Aid Kit,Heating"
Yesler Terrace,"Shampoo,Lock on Bedroom Door,Cable TV,Dryer,Free Parking on Premises,Hangers,Safety Card,Buzzer/Wireless Intercom,Gym,Breakfast,Carbon Monoxide Detector,Washer,Elevator in Building,Smoking Allowed,Family/Kid Friendly,Fire Extinguisher,Hair Dryer,Dog(s),Indoor Fireplace,TV,,Wheelchair Accessible,Laptop Friendly Workspace,Internet,24-Hour Check-in,Kitchen,Suitable for Events,Iron,Pets Allowed,Wireless Internet,Pets live on this property,Heating,First Aid Kit,Essentials,Smoke Detector,Air Conditioning"
Ravenna,"Lock on Bedroom Door,Shampoo,Free Parking on Premises,Hot Tub,Cable TV,Hangers,Safety Card,Dryer,Cat(s),Breakfast,Washer,Carbon Monoxide Detector,Buzzer/Wireless Intercom,Family/Kid Friendly,Fire Extinguisher,Indoor Fireplace,Dog(s),TV,Hair Dryer,Internet,Wheelchair Accessible,Kitchen,Laptop Friendly Workspace,24-Hour Check-in,Suitable for Events,Pets Allowed,Wireless Internet,Iron,Pets live on this property,Smoke Detector,Essentials,Heating,Air Conditioning,First Aid Kit"
Minor,"Shampoo,Lock on Bedroom Door,Safety Card,Cable TV,Hangers,Other pet(s),Free Parking on Premises,Hot Tub,Dryer,Washer,Cat(s),Carbon Monoxide Detector,Gym,Buzzer/Wireless Intercom,Breakfast,Elevator in Building,Family/Kid Friendly,Smoking Allowed,Hair Dryer,Fire Extinguisher,,Indoor Fireplace,Dog(s),TV,Laptop Friendly Workspace,Wheelchair Accessible,Internet,Kitchen,24-Hour Check-in,Suitable for Events,Iron,Pets live on this property,Wireless Internet,Pets Allowed,Air Conditioning,First Aid Kit,Smoke Detector,Heating,Essentials"
East Queen Anne,"Shampoo,Safety Card,Dryer,Cable TV,Hot Tub,Free Parking on Premises,Hangers,Cat(s),Buzzer/Wireless Intercom,Washer,Carbon Monoxide Detector,Breakfast,Gym,Elevator in Building,Smoking Allowed,Family/Kid Friendly,Fire Extinguisher,,Dog(s),Indoor Fireplace,Hair Dryer,TV,Wheelchair Accessible,Laptop Friendly Workspace,24-Hour Check-in,Kitchen,Internet,Suitable for Events,Pets live on this property,Pets Allowed,Iron,Wireless Internet,Air Conditioning,Essentials,Heating,First Aid Kit,Smoke Detector"
Loyal Heights,"Lock on Bedroom Door,Shampoo,Cable TV,Dryer,Free Parking on Premises,Safety Card,Hangers,Hot Tub,Cat(s),Gym,Breakfast,Buzzer/Wireless Intercom,Washer,Carbon Monoxide Detector,Smoking Allowed,Elevator in Building,Family/Kid Friendly,Indoor Fireplace,,Hair Dryer,TV,Dog(s),Fire Extinguisher,Laptop Friendly Workspace,Kitchen,24-Hour Check-in,Washer / Dryer,Internet,Pets live on this property,Pets Allowed,Iron,Wireless Internet,Suitable for Events,Smoke Detector,Heating,Essentials,Air Conditioning,First Aid Kit"
Central Business District,"Shampoo,Doorman,Hot Tub,Dryer,Free Parking on Premises,Cable TV,Hangers,Safety Card,Buzzer/Wireless Intercom,Carbon Monoxide Detector,Gym,Washer,Breakfast,Cat(s),Smoking Allowed,Elevator in Building,Family/Kid Friendly,Fire Extinguisher,Dog(s),Hair Dryer,,TV,Indoor Fireplace,24-Hour Check-in,Laptop Friendly Workspace,Internet,Wheelchair Accessible,Kitchen,Pets live on this property,Suitable for Events,Pool,Wireless Internet,Iron,Pets Allowed,First Aid Kit,Smoke Detector,Air Conditioning,Heating,Essentials"
Dunlap,"Shampoo,Lock on Bedroom Door,Safety Card,Free Parking on Premises,Dryer,Other pet(s),Cable TV,Hot Tub,Washer,Gym,Carbon Monoxide Detector,Breakfast,Cat(s),Buzzer/Wireless Intercom,Family/Kid Friendly,TV,Indoor Fireplace,Dog(s),Fire Extinguisher,Wheelchair Accessible,Internet,Kitchen,Wireless Internet,Pets Allowed,Pets live on this property,Suitable for Events,Heating,Air Conditioning,Smoke Detector,First Aid Kit,Essentials"
Rainier Beach,"Lock on Bedroom Door,Shampoo,Safety Card,Free Parking on Premises,Other pet(s),Dryer,Cable TV,Hot Tub,Hangers,Buzzer/Wireless Intercom,Carbon Monoxide Detector,Washer,Cat(s),Breakfast,Smoking Allowed,Family/Kid Friendly,Hair Dryer,Fire Extinguisher,Dog(s),Indoor Fireplace,TV,24-Hour Check-in,Internet,Laptop Friendly Workspace,Wheelchair Accessible,Kitchen,Iron,Wireless Internet,Pets live on this property,Pets Allowed,Suitable for Events,Heating,Smoke Detector,First Aid Kit,Essentials"
North Admiral,"Shampoo,Free Parking on Premises,Safety Card,Other pet(s),Dryer,Hot Tub,Cable TV,Hangers,Carbon Monoxide Detector,Breakfast,Gym,Cat(s),Buzzer/Wireless Intercom,Washer,Family/Kid Friendly,Elevator in Building,Smoking Allowed,Hair Dryer,TV,Dog(s),Fire Extinguisher,Indoor Fireplace,Kitchen,24-Hour Check-in,Wheelchair Accessible,Laptop Friendly Workspace,Internet,Pets Allowed,Suitable for Events,Wireless Internet,Iron,Pets live on this property,Essentials,First Aid Kit,Heating,Air Conditioning,Smoke Detector"
Whittier Heights,"Shampoo,Lock on Bedroom Door,Hot Tub,Safety Card,Free Parking on Premises,Cable TV,Other pet(s),Dryer,Hangers,Cat(s),Carbon Monoxide Detector,Breakfast,Washer,Gym,Elevator in Building,Family/Kid Friendly,Fire Extinguisher,Dog(s),TV,Indoor Fireplace,Hair Dryer,Wheelchair Accessible,Laptop Friendly Workspace,Kitchen,24-Hour Check-in,Internet,Suitable for Events,Pets Allowed,Pets live on this property,Wireless Internet,Iron,Heating,First Aid Kit,Essentials,Smoke Detector,Air Conditioning"
Mann,"Shampoo,Lock on Bedroom Door,Free Parking on Premises,Cable TV,Other pet(s),Safety Card,Hot Tub,Hangers,Dryer,Breakfast,Carbon Monoxide Detector,Washer,Gym,Buzzer/Wireless Intercom,Cat(s),Smoking Allowed,Elevator in Building,Family/Kid Friendly,Indoor Fireplace,TV,,Dog(s),Fire Extinguisher,Hair Dryer,Laptop Friendly Workspace,24-Hour Check-in,Internet,Kitchen,Wheelchair Accessible,Pets Allowed,Suitable for Events,Iron,Pets live on this property,Wireless Internet,Air Conditioning,Smoke Detector,First Aid Kit,Heating,Essentials"
Bryant,"Shampoo,Lock on Bedroom Door,Cable TV,Free Parking on Premises,Hangers,Dryer,Safety Card,Hot Tub,Washer,Carbon Monoxide Detector,Gym,Cat(s),Family/Kid Friendly,Dog(s),Fire Extinguisher,Hair Dryer,,Indoor Fireplace,TV,24-Hour Check-in,Kitchen,Wheelchair Accessible,Internet,Laptop Friendly Workspace,Iron,Pets Allowed,Wireless Internet,Pets live on this property,Suitable for Events,Smoke Detector,Heating,Air Conditioning,Essentials,First Aid Kit"
Alki,"Hangers,Hot Tub,Cable TV,Free Parking on Premises,Safety Card,Dryer,Lock on Bedroom Door,Shampoo,Essentials,Heating,First Aid Kit,Smoke Detector,Air Conditioning,Suitable for Events,Pets live on this property,Wireless Internet,Iron,Pets Allowed,24-Hour Check-in,Kitchen,Laptop Friendly Workspace,Wheelchair Accessible,Internet,Fire Extinguisher,Indoor Fireplace,TV,,Dog(s),Hair Dryer,Elevator in Building,Family/Kid Friendly,Smoking Allowed,Washer,Cat(s),Breakfast,Carbon Monoxide Detector,Buzzer/Wireless Intercom"
Genesee,"Hangers,Safety Card,Cable TV,Hot Tub,Free Parking on Premises,Dryer,Shampoo,Lock on Bedroom Door,Heating,First Aid Kit,Smoke Detector,Essentials,Air Conditioning,Suitable for Events,Pets live on this property,Wireless Internet,Iron,Pets Allowed,Kitchen,Internet,24-Hour Check-in,Laptop Friendly Workspace,Wheelchair Accessible,Fire Extinguisher,Dog(s),Hair Dryer,TV,Indoor Fireplace,Elevator in Building,Family/Kid Friendly,Washer,Carbon Monoxide Detector,Breakfast,Buzzer/Wireless Intercom,Cat(s)"
Mid-Beacon Hill,"Hot Tub,Dryer,Hangers,Free Parking on Premises,Cable TV,Safety Card,Lock on Bedroom Door,Shampoo,Air Conditioning,Smoke Detector,Essentials,First Aid Kit,Heating,Suitable for Events,Iron,Pets live on this property,Pets Allowed,Wireless Internet,24-Hour Check-in,Internet,Laptop Friendly Workspace,Kitchen,Wheelchair Accessible,Hair Dryer,Fire Extinguisher,Indoor Fireplace,Dog(s),TV,Family/Kid Friendly,Buzzer/Wireless Intercom,Carbon Monoxide Detector,Cat(s),Gym,Breakfast,Washer"
Meadowbrook,"Hangers,Cable TV,Hot Tub,Free Parking on Premises,Safety Card,Dryer,Shampoo,Lock on Bedroom Door,Smoke Detector,First Aid Kit,Heating,Essentials,Pets Allowed,Wireless Internet,Suitable for Events,Iron,Pets live on this property,24-Hour Check-in,Wheelchair Accessible,Kitchen,Laptop Friendly Workspace,Internet,Indoor Fireplace,TV,Hair Dryer,Fire Extinguisher,Smoking Allowed,Family/Kid Friendly,Breakfast,Cat(s),Washer,Carbon Monoxide Detector"
Maple Leaf,"Safety Card,Other pet(s),Free Parking on Premises,Hangers,Dryer,Cable TV,Hot Tub,Lock on Bedroom Door,Shampoo,Smoke Detector,Essentials,First Aid Kit,Heating,Air Conditioning,Wireless Internet,Pool,Suitable for Events,Pets Allowed,Iron,Pets live on this property,Wheelchair Accessible,Laptop Friendly Workspace,Kitchen,24-Hour Check-in,Internet,Hair Dryer,TV,Dog(s),Fire Extinguisher,Indoor Fireplace,Family/Kid Friendly,Elevator in Building,Smoking Allowed,Washer,Cat(s),Gym,Carbon Monoxide Detector,Buzzer/Wireless Intercom,Breakfast"
South Beacon Hill,"Dryer,Hangers,Free Parking on Premises,Cable TV,Shampoo,Lock on Bedroom Door,Smoke Detector,First Aid Kit,Heating,Essentials,Wireless Internet,Iron,Pets Allowed,Pets live on this property,Laptop Friendly Workspace,Wheelchair Accessible,Kitchen,24-Hour Check-in,Internet,TV,Indoor Fireplace,Fire Extinguisher,Family/Kid Friendly,Carbon Monoxide Detector,Washer,Cat(s)"
Brighton,"Safety Card,Cable TV,Free Parking on Premises,Hot Tub,Dryer,Hangers,Shampoo,Lock on Bedroom Door,Smoke Detector,Air Conditioning,Heating,Essentials,First Aid Kit,Suitable for Events,Wireless Internet,Iron,Pets live on this property,Pets Allowed,24-Hour Check-in,Laptop Friendly Workspace,Kitchen,Internet,TV,Hair Dryer,Indoor Fireplace,Dog(s),Fire Extinguisher,Elevator in Building,Family/Kid Friendly,Carbon Monoxide Detector,Cat(s),Gym,Washer,Breakfast"
Pinehurst,"Hot Tub,Free Parking on Premises,Dryer,Shampoo,First Aid Kit,Smoke Detector,Essentials,Heating,Pets live on this property,Wireless Internet,Pool,Iron,Internet,Kitchen,Wheelchair Accessible,Indoor Fireplace,Fire Extinguisher,Hair Dryer,TV,Family/Kid Friendly,Carbon Monoxide Detector,Washer"
Madison Park,"Cable TV,Dryer,Free Parking on Premises,Safety Card,Hangers,Shampoo,Essentials,First Aid Kit,Air Conditioning,Heating,Smoke Detector,Pets live on this property,Iron,Wireless Internet,Pets Allowed,Pool,Suitable for Events,Internet,Laptop Friendly Workspace,Kitchen,Indoor Fireplace,Dog(s),Fire Extinguisher,,TV,Hair Dryer,Elevator in Building,Family/Kid Friendly,Breakfast,Carbon Monoxide Detector,Cat(s),Washer,Buzzer/Wireless Intercom"
Stevens,"Free Parking on Premises,Other pet(s),Cable TV,Hot Tub,Safety Card,Dryer,Hangers,Lock on Bedroom Door,Shampoo,Heating,Air Conditioning,Essentials,First Aid Kit,Smoke Detector,Pets Allowed,Pets live on this property,Iron,Wireless Internet,Pool,Wheelchair Accessible,Internet,24-Hour Check-in,Kitchen,Laptop Friendly Workspace,TV,Fire Extinguisher,Dog(s),Hair Dryer,,Indoor Fireplace,Smoking Allowed,Elevator in Building,Family/Kid Friendly,Cat(s),Washer,Carbon Monoxide Detector,Buzzer/Wireless Intercom,Gym,Breakfast"
Greenwood,"Other pet(s),Cable TV,Hangers,Free Parking on Premises,Dryer,Hot Tub,Safety Card,Shampoo,Lock on Bedroom Door,Essentials,Heating,Air Conditioning,First Aid Kit,Smoke Detector,Suitable for Events,Iron,Pets live on this property,Pets Allowed,Wireless Internet,Pool,Kitchen,Internet,Laptop Friendly Workspace,Wheelchair Accessible,24-Hour Check-in,Dog(s),Indoor Fireplace,Hair Dryer,TV,,Fire Extinguisher,Family/Kid Friendly,Elevator in Building,Smoking Allowed,Carbon Monoxide Detector,Cat(s),Washer,Breakfast,Buzzer/Wireless Intercom,Gym"
South Park,"Cable TV,Hangers,Free Parking on Premises,Dryer,Shampoo,First Aid Kit,Smoke Detector,Air Conditioning,Heating,Essentials,Iron,Wireless Internet,Internet,Laptop Friendly Workspace,Kitchen,TV,Fire Extinguisher,Hair Dryer,Family/Kid Friendly,Carbon Monoxide Detector,Washer"
Madrona,"Hot Tub,Safety Card,Other pet(s),Dryer,Free Parking on Premises,Hangers,Cable TV,Shampoo,Lock on Bedroom Door,Heating,Essentials,First Aid Kit,Air Conditioning,Smoke Detector,Pets Allowed,Iron,Suitable for Events,Wireless Internet,Pets live on this property,Kitchen,Wheelchair Accessible,Internet,24-Hour Check-in,Laptop Friendly Workspace,Dog(s),Hair Dryer,Indoor Fireplace,Fire Extinguisher,TV,Family/Kid Friendly,Gym,Carbon Monoxide Detector,Washer,Cat(s),Breakfast,Buzzer/Wireless Intercom"
