,"24-Hour Check-in,Breakfast,Buzzer/Wireless Intercom,Cable TV,Carbon Monoxide Detector,Cat(s),Dog(s),Dryer,Elevator in Building,Essentials,Family/Kid Friendly,Fire Extinguisher,First Aid Kit,Free Parking on Premises,Gym,Hair Dryer,Hangers,Heating,Hot Tub,Indoor Fireplace,Internet,Iron,Kitchen,Laptop Friendly Workspace,Pets live on this property,Safety Card,Shampoo,Smoke Detector,Suitable for Events,TV,Washer,Wheelchair Accessible,Wireless Internet"
Highland Park,"24-Hour Check-in,Air Conditioning,Breakfast,Cable TV,Carbon Monoxide Detector,Cat(s),Dog(s),Dryer,Essentials,Family/Kid Friendly,Fire Extinguisher,First Aid Kit,Free Parking on Premises,Hair Dryer,Hangers,Heating,Hot Tub,Indoor Fireplace,Internet,Iron,Kitchen,Laptop Friendly Workspace,Other pet(s),Pets Allowed,Pets live on this property,Safety Card,Shampoo,Smoke Detector,TV,Washer,Wheelchair Accessible,Wireless Internet"
Southeast Magnolia,"24-Hour Check-in,Air Conditioning,Cable TV,Carbon Monoxide Detector,Cat(s),Dog(s),Dryer,Elevator in Building,Essentials,Family/Kid Friendly,Fire Extinguisher,First Aid Kit,Free Parking on Premises,Gym,Hair Dryer,Hangers,Heating,Hot Tub,Indoor Fireplace,Internet,Iron,Kitchen,Laptop Friendly Workspace,Lock on Bedroom Door,Pets Allowed,Pets live on this property,Pool,Safety Card,Shampoo,Smoke Detector,Suitable for Events,TV,Washer,Wireless Internet"
Briarcliff,"24-Hour Check-in,Air Conditioning,Breakfast,Cable TV,Carbon Monoxide Detector,Cat(s),Dog(s),Dryer,Essentials,Family/Kid Friendly,Fire Extinguisher,First Aid Kit,Free Parking on Premises,Hair Dryer,Hangers,Heating,Hot Tub,Indoor Fireplace,Internet,Iron,Kitchen,Laptop Friendly Workspace,Pets Allowed,Pets live on this property,Safety Card,Shampoo,Smoke Detector,Suitable for Events,TV,Washer,Wheelchair Accessible,Wireless Internet"
West Queen Anne,"24-Hour Check-in,Air Conditioning,Breakfast,Buzzer/Wireless Intercom,Cable TV,Carbon Monoxide Detector,Cat(s),Dog(s),Dryer,Elevator in Building,Essentials,Family/Kid Friendly,Fire Extinguisher,First Aid Kit,Free Parking on Premises,Gym,Hair Dryer,Hangers,Heating,Hot Tub,Indoor Fireplace,Internet,Iron,Kitchen,Laptop Friendly Workspace,Lock on Bedroom Door,Other pet(s),Pets Allowed,Pets live on this property,Safety Card,Shampoo,Smoke Detector,Suitable for Events,TV,Washer,Wheelchair Accessible,Wireless Internet"
North Beach/Blue Ridge,",24-Hour Check-in,Air Conditioning,Breakfast,Buzzer/Wireless Intercom,Cable TV,Carbon Monoxide Detector,Cat(s),Dog(s),Dryer,Essentials,Family/Kid Friendly,Fire Extinguisher,First Aid Kit,Free Parking on Premises,Gym,Hair Dryer,Hangers,Heating,Hot Tub,Indoor Fireplace,Internet,Iron,Kitchen,Laptop Friendly Workspace,Pets Allowed,Pets live on this property,Safety Card,Shampoo,Smoke Detector,Suitable for Events,TV,Washer,Wireless Internet"
Crown Hill,"24-Hour Check-in,Air Conditioning,Breakfast,Buzzer/Wireless Intercom,Cable TV,Carbon Monoxide Detector,Cat(s),Dog(s),Dryer,Essentials,Family/Kid Friendly,Fire Extinguisher,First Aid Kit,Free Parking on Premises,Gym,Hangers,Heating,Hot Tub,Indoor Fireplace,Internet,Iron,Kitchen,Laptop Friendly Workspace,Lock on Bedroom Door,Pets Allowed,Pets live on this property,Safety Card,Shampoo,Smoke Detector,Smoking Allowed,Suitable for Events,TV,Washer,Wireless Internet"
Bitter Lake,"24-Hour Check-in,Breakfast,Buzzer/Wireless Intercom,Cable TV,Carbon Monoxide Detector,Cat(s),Dog(s),Dryer,Elevator in Building,Essentials,Family/Kid Friendly,Fire Extinguisher,First Aid Kit,Free Parking on Premises,Gym,Hair Dryer,Hangers,Heating,Hot Tub,Indoor Fireplace,Internet,Iron,Kitchen,Laptop Friendly Workspace,Lock on Bedroom Door,Pets Allowed,Pets live on this property,Pool,Safety Card,Shampoo,Smoke Detector,Smoking Allowed,Suitable for Events,TV,Washer,Wireless Internet"
Riverview,"24-Hour Check-in,Air Conditioning,Breakfast,Buzzer/Wireless Intercom,Cable TV,Carbon Monoxide Detector,Cat(s),Dog(s),Dryer,Essentials,Family/Kid Friendly,Fire Extinguisher,First Aid Kit,Free Parking on Premises,Hair Dryer,Hangers,Heating,Indoor Fireplace,Internet,Iron,Kitchen,Laptop Friendly Workspace,Pets Allowed,Pets live on this property,Safety Card,Shampoo,Smoke Detector,Suitable for Events,TV,Washer,Wireless Internet"
North Delridge,"24-Hour Check-in,Air Conditioning,Breakfast,Buzzer/Wireless Intercom,Cable TV,Carbon Monoxide Detector,Cat(s),Dog(s),Doorman,Dryer,Elevator in Building,Essentials,Family/Kid Friendly,Fire Extinguisher,First Aid Kit,Free Parking on Premises,Gym,Hair Dryer,Hangers,Heating,Hot Tub,Indoor Fireplace,Internet,Iron,Kitchen,Laptop Friendly Workspace,Lock on Bedroom Door,Pets Allowed,Pets live on this property,Pool,Safety Card,Shampoo,Smoke Detector,Smoking Allowed,Suitable for Events,TV,Washer,Washer / Dryer,Wheelchair Accessible,Wireless Internet"
Georgetown,"Air Conditioning,Buzzer/Wireless Intercom,Cable TV,Carbon Monoxide Detector,Dog(s),Dryer,Essentials,Family/Kid Friendly,Fire Extinguisher,First Aid Kit,Free Parking on Premises,Heating,Indoor Fireplace,Internet,Kitchen,Pets live on this property,Safety Card,Shampoo,Smoke Detector,TV,Washer,Wireless Internet"
Lower Queen Anne,",24-Hour Check-in,Air Conditioning,Breakfast,Buzzer/Wireless Intercom,Cable TV,Carbon Monoxide Detector,Cat(s),Dog(s),Doorman,Dryer,Elevator in Building,Essentials,Family/Kid Friendly,Fire Extinguisher,First Aid Kit,Free Parking on Premises,Gym,Hair Dryer,Hangers,Heating,Hot Tub,Indoor Fireplace,Internet,Iron,Kitchen,Laptop Friendly Workspace,Pets Allowed,Pets live on this property,Safety Card,Shampoo,Smoke Detector,Suitable for Events,TV,Washer,Wheelchair Accessible,Wireless Internet"
Pioneer Square,",24-Hour Check-in,Air Conditioning,Buzzer/Wireless Intercom,Cable TV,Carbon Monoxide Detector,Cat(s),Dog(s),Doorman,Dryer,Elevator in Building,Essentials,Family/Kid Friendly,Fire Extinguisher,First Aid Kit,Free Parking on Premises,Gym,Hair Dryer,Hangers,Heating,Hot Tub,Internet,Iron,Kitchen,Laptop Friendly Workspace,Pets Allowed,Pets live on this property,Pool,Safety Card,Shampoo,Smoke Detector,Suitable for Events,TV,Washer,Wheelchair Accessible,Wireless Internet"
Pike-Market,"24-Hour Check-in,Air Conditioning,Breakfast,Buzzer/Wireless Intercom,Cable TV,Carbon Monoxide Detector,Dog(s),Doorman,Dryer,Elevator in Building,Essentials,Family/Kid Friendly,Fire Extinguisher,First Aid Kit,Free Parking on Premises,Gym,Hair Dryer,Hangers,Heating,Hot Tub,Internet,Iron,Kitchen,Laptop Friendly Workspace,Pets Allowed,Pets live on this property,Pool,Safety Card,Shampoo,Smoke Detector,Smoking Allowed,TV,Washer,Wheelchair Accessible,Wireless Internet"
Seaview,"24-Hour Check-in,Air Conditioning,Breakfast,Buzzer/Wireless Intercom,Cable TV,Carbon Monoxide Detector,Cat(s),Dog(s),Dryer,Elevator in Building,Essentials,Family/Kid Friendly,Fire Extinguisher,First Aid Kit,Free Parking on Premises,Gym,Hair Dryer,Hangers,Heating,Indoor Fireplace,Internet,Iron,Kitchen,Laptop Friendly Workspace,Pets Allowed,Pets live on this property,Safety Card,Shampoo,Smoke Detector,Suitable for Events,TV,Washer,Wheelchair Accessible,Wireless Internet"
Broadway,",24-Hour Check-in,Air Conditioning,Breakfast,Buzzer/Wireless Intercom,Cable TV,Carbon Monoxide Detector,Cat(s),Dog(s),Doorman,Dryer,Elevator in Building,Essentials,Family/Kid Friendly,Fire Extinguisher,First Aid Kit,Free Parking on Premises,Gym,Hair Dryer,Hangers,Heating,Hot Tub,Indoor Fireplace,Internet,Iron,Kitchen,Laptop Friendly Workspace,Lock on Bedroom Door,Other pet(s),Pets Allowed,Pets live on this property,Pool,Safety Card,Shampoo,Smoke Detector,Smoking Allowed,Suitable for Events,TV,Washer,Wheelchair Accessible,Wireless Internet"
Fauntleroy,"24-Hour Check-in,Air Conditioning,Breakfast,Buzzer/Wireless Intercom,Cable TV,Carbon Monoxide Detector,Cat(s),Dryer,Essentials,Family/Kid Friendly,Fire Extinguisher,First Aid Kit,Free Parking on Premises,Hair Dryer,Hangers,Heating,Indoor Fireplace,Internet,Iron,Kitchen,Laptop Friendly Workspace,Other pet(s),Pets Allowed,Pets live on this property,Safety Card,Shampoo,Smoke Detector,TV,Washer,Wireless Internet"
Industrial District,"Air Conditioning,Buzzer/Wireless Intercom,Cable TV,Carbon Monoxide Detector,Dryer,Elevator in Building,Essentials,Family/Kid Friendly,First Aid Kit,Heating,Indoor Fireplace,Internet,Kitchen,Shampoo,Smoke Detector,Suitable for Events,TV,Washer,Wheelchair Accessible,Wireless Internet"
Lawton Park,",24-Hour Check-in,Air Conditioning,Breakfast,Buzzer/Wireless Intercom,Cable TV,Carbon Monoxide Detector,Cat(s),Dog(s),Dryer,Elevator in Building,Essentials,Family/Kid Friendly,Fire Extinguisher,First Aid Kit,Free Parking on Premises,Gym,Hair Dryer,Hangers,Heating,Hot Tub,Indoor Fireplace,Internet,Iron,Kitchen,Laptop Friendly Workspace,Lock on Bedroom Door,Pets Allowed,Pets live on this property,Pool,Safety Card,Shampoo,Smoke Detector,Smoking Allowed,Suitable for Events,TV,Washer,Wheelchair Accessible,Wireless Internet"
Gatewood,"Air Conditioning,Cable TV,Carbon Monoxide Detector,Cat(s),Dog(s),Dryer,Elevator in Building,Essentials,Family/Kid Friendly,Fire Extinguisher,First Aid Kit,Free Parking on Premises,Hair Dryer,Hangers,Heating,Hot Tub,Indoor Fireplace,Internet,Iron,Kitchen,Laptop Friendly Workspace,Lock on Bedroom Door,Pets Allowed,Pets live on this property,Safety Card,Shampoo,Smoke Detector,Smoking Allowed,Suitable for Events,TV,Washer,Wheelchair Accessible,Wireless Internet"
Haller Lake,"24-Hour Check-in,Air Conditioning,Breakfast,Cable TV,Carbon Monoxide Detector,Cat(s),Dog(s),Dryer,Essentials,Family/Kid Friendly,Fire Extinguisher,First Aid Kit,Free Parking on Premises,Hair Dryer,Hangers,Heating,Hot Tub,Indoor Fireplace,Internet,Iron,Kitchen,Laptop Friendly Workspace,Pets live on this property,Safety Card,Shampoo,Smoke Detector,TV,Washer,Wireless Internet"
West Woodland,"24-Hour Check-in,Air Conditioning,Breakfast,Buzzer/Wireless Intercom,Cable TV,Carbon Monoxide Detector,Cat(s),Dog(s),Dryer,Elevator in Building,Essentials,Family/Kid Friendly,Fire Extinguisher,First Aid Kit,Free Parking on Premises,Gym,Hair Dryer,Hangers,Heating,Hot Tub,Indoor Fireplace,Internet,Iron,Kitchen,Laptop Friendly Workspace,Lock on Bedroom Door,Pets Allowed,Pets live on this property,Safety Card,Shampoo,Smoke Detector,Smoking Allowed,Suitable for Events,TV,Washer,Wheelchair Accessible,Wireless Internet"
Interbay,"24-Hour Check-in,Air Conditioning,Breakfast,Buzzer/Wireless Intercom,Cable TV,Carbon Monoxide Detector,Cat(s),Dog(s),Dryer,Elevator in Building,Essentials,Family/Kid Friendly,Fire Extinguisher,First Aid Kit,Free Parking on Premises,Gym,Hangers,Heating,Indoor Fireplace,Internet,Iron,Kitchen,Laptop Friendly Workspace,Lock on Bedroom Door,Pets Allowed,Pets live on this property,Safety Card,Shampoo,Smoke Detector,Suitable for Events,TV,Washer,Wheelchair Accessible,Wireless Internet"
Laurelhurst,"Air Conditioning,Breakfast,Cable TV,Carbon Monoxide Detector,Cat(s),Dog(s),Dryer,Essentials,Family/Kid Friendly,Fire Extinguisher,First Aid Kit,Free Parking on Premises,Gym,Hair Dryer,Hangers,Heating,Hot Tub,Indoor Fireplace,Internet,Iron,Kitchen,Laptop Friendly Workspace,Lock on Bedroom Door,Other pet(s),Pets Allowed,Pets live on this property,Safety Card,Shampoo,Smoke Detector,TV,Washer,Wheelchair Accessible,Wireless Internet"
Eastlake,"24-Hour Check-in,Air Conditioning,Breakfast,Buzzer/Wireless Intercom,Cable TV,Carbon Monoxide Detector,Cat(s),Dog(s),Dryer,Elevator in Building,Essentials,Family/Kid Friendly,Fire Extinguisher,First Aid Kit,Free Parking on Premises,Gym,Hair Dryer,Hangers,Heating,Indoor Fireplace,Internet,Iron,Kitchen,Laptop Friendly Workspace,Pets Allowed,Pets live on this property,Pool,Safety Card,Shampoo,Smoke Detector,Suitable for Events,TV,Washer,Wheelchair Accessible,Wireless Internet"
Matthews Beach,"24-Hour Check-in,Air Conditioning,Breakfast,Buzzer/Wireless Intercom,Cable TV,Carbon Monoxide Detector,Cat(s),Dog(s),Dryer,Essentials,Family/Kid Friendly,Fire Extinguisher,First Aid Kit,Free Parking on Premises,Gym,Hair Dryer,Hangers,Heating,Indoor Fireplace,Internet,Iron,Kitchen,Laptop Friendly Workspace,Lock on Bedroom Door,Pets Allowed,Pets live on this property,Safety Card,Shampoo,Smoke Detector,Smoking Allowed,TV,Washer,Wheelchair Accessible,Wireless Internet"
North Queen Anne,",24-Hour Check-in,Air Conditioning,Breakfast,Buzzer/Wireless Intercom,Cable TV,Carbon Monoxide Detector,Cat(s),Dog(s),Doorman,Dryer,Elevator in Building,Essentials,Family/Kid Friendly,Fire Extinguisher,First Aid Kit,Free Parking on Premises,Gym,Hair Dryer,Hangers,Heating,Hot Tub,Indoor Fireplace,Internet,Iron,Kitchen,Laptop Friendly Workspace,Lock on Bedroom Door,Other pet(s),Pets Allowed,Pets live on this property,Pool,Safety Card,Shampoo,Smoke Detector,Suitable for Events,TV,Washer,Wheelchair Accessible,Wireless Internet"
Arbor Heights,",Cable TV,Carbon Monoxide Detector,Dog(s),Dryer,Essentials,Family/Kid Friendly,Fire Extinguisher,First Aid Kit,Free Parking on Premises,Heating,Hot Tub,Indoor Fireplace,Internet,Kitchen,Pets live on this property,Safety Card,Shampoo,Smoke Detector,TV,Washer,Wireless Internet"
Belltown,",24-Hour Check-in,Air Conditioning,Breakfast,Buzzer/Wireless Intercom,Cable TV,Carbon Monoxide Detector,Cat(s),Dog(s),Doorman,Dryer,Elevator in Building,Essentials,Family/Kid Friendly,Fire Extinguisher,First Aid Kit,Free Parking on Premises,Gym,Hair Dryer,Hangers,Heating,Hot Tub,Indoor Fireplace,Internet,Iron,Kitchen,Laptop Friendly Workspace,Pets Allowed,Pets live on this property,Pool,Safety Card,Shampoo,Smoke Detector,Smoking Allowed,Suitable for Events,TV,Washer,Wheelchair Accessible,Wireless Internet"
Mount Baker,",24-Hour Check-in,Air Conditioning,Breakfast,Cable TV,Carbon Monoxide Detector,Cat(s),Dog(s),Dryer,Essentials,Family/Kid Friendly,Fire Extinguisher,First Aid Kit,Free Parking on Premises,Gym,Hair Dryer,Hangers,Heating,Hot Tub,Indoor Fireplace,Internet,Iron,Kitchen,Laptop Friendly Workspace,Lock on Bedroom Door,Other pet(s),Pets Allowed,Pets live on this property,Safety Card,Shampoo,Smoke Detector,Smoking Allowed,Suitable for Events,TV,Washer,Wheelchair Accessible,Wireless Internet"
South Delridge,",24-Hour Check-in,Air Conditioning,Breakfast,Cable TV,Carbon Monoxide Detector,Cat(s),Dryer,Essentials,Family/Kid Friendly,Fire Extinguisher,First Aid Kit,Free Parking on Premises,Hair Dryer,Hangers,Heating,Hot Tub,Indoor Fireplace,Internet,Iron,Kitchen,Laptop Friendly Workspace,Pets Allowed,Pets live on this property,Safety Card,Shampoo,Smoke Detector,Smoking Allowed,Suitable for Events,TV,Washer,Wheelchair Accessible,Wireless Internet"
Montlake,"24-Hour Check-in,Air Conditioning,Breakfast,Cable TV,Carbon Monoxide Detector,Cat(s),Dog(s),Dryer,Essentials,Family/Kid Friendly,Fire Extinguisher,First Aid Kit,Free Parking on Premises,Gym,Hair Dryer,Hangers,Heating,Indoor Fireplace,Internet,Iron,Kitchen,Laptop Friendly Workspace,Lock on Bedroom Door,Other pet(s),Pets Allowed,Pets live on this property,Safety Card,Shampoo,Smoke Detector,TV,Washer,Wireless Internet"
Phinney Ridge,",24-Hour Check-in,Air Conditioning,Breakfast,Buzzer/Wireless Intercom,Cable TV,Carbon Monoxide Detector,Cat(s),Dog(s),Dryer,Elevator in Building,Essentials,Family/Kid Friendly,Fire Extinguisher,First Aid Kit,Free Parking on Premises,Gym,Hair Dryer,Hangers,Heating,Hot Tub,Indoor Fireplace,Internet,Iron,Kitchen,Laptop Friendly Workspace,Other pet(s),Pets Allowed,Pets live on this property,Pool,Safety Card,Shampoo,Smoke Detector,Suitable for Events,TV,Washer,Wireless Internet"
Columbia City,"24-Hour Check-in,Air Conditioning,Breakfast,Buzzer/Wireless Intercom,Cable TV,Carbon Monoxide Detector,Cat(s),Dog(s),Dryer,Elevator in Building,Essentials,Family/Kid Friendly,Fire Extinguisher,First Aid Kit,Free Parking on Premises,Gym,Hair Dryer,Hangers,Heating,Hot Tub,Indoor Fireplace,Internet,Iron,Kitchen,Laptop Friendly Workspace,Lock on Bedroom Door,Other pet(s),Pets Allowed,Pets live on this property,Safety Card,Shampoo,Smoke Detector,Smoking Allowed,Suitable for Events,TV,Washer,Wheelchair Accessible,Wireless Internet"
Green Lake,"24-Hour Check-in,Air Conditioning,Breakfast,Buzzer/Wireless Intercom,Cable TV,Carbon Monoxide Detector,Cat(s),Dog(s),Dryer,Elevator in Building,Essentials,Family/Kid Friendly,Fire Extinguisher,First Aid Kit,Free Parking on Premises,Gym,Hair Dryer,Hangers,Heating,Hot Tub,Indoor Fireplace,Internet,Iron,Kitchen,Laptop Friendly Workspace,Lock on Bedroom Door,Other pet(s),Pets Allowed,Pets live on this property,Safety Card,Shampoo,Smoke Detector,Suitable for Events,TV,Washer,Wheelchair Accessible,Wireless Internet"
Olympic Hills,",24-Hour Check-in,Air Conditioning,Breakfast,Cable TV,Carbon Monoxide Detector,Cat(s),Dryer,Essentials,Family/Kid Friendly,Fire Extinguisher,First Aid Kit,Free Parking on Premises,Hair Dryer,Hangers,Heating,Indoor Fireplace,Internet,Iron,Kitchen,Laptop Friendly Workspace,Lock on Bedroom Door,Pets live on this property,Safety Card,Shampoo,Smoke Detector,Suitable for Events,TV,Washer,Wheelchair Accessible,Wireless Internet"
Westlake,",24-Hour Check-in,Air Conditioning,Breakfast,Buzzer/Wireless Intercom,Cable TV,Carbon Monoxide Detector,Cat(s),Dog(s),Dryer,Elevator in Building,Essentials,Family/Kid Friendly,Fire Extinguisher,First Aid Kit,Free Parking on Premises,Gym,Hair Dryer,Hangers,Heating,Hot Tub,Indoor Fireplace,Internet,Iron,Kitchen,Laptop Friendly Workspace,Pets Allowed,Pets live on this property,Safety Card,Shampoo,Smoke Detector,Smoking Allowed,Suitable for Events,TV,Washer,Wheelchair Accessible,Wireless Internet"
View Ridge,"24-Hour Check-in,Air Conditioning,Breakfast,Cable TV,Carbon Monoxide Detector,Dog(s),Dryer,Essentials,Family/Kid Friendly,Fire Extinguisher,First Aid Kit,Free Parking on Premises,Gym,Hangers,Heating,Hot Tub,Indoor Fireplace,Internet,Iron,Kitchen,Laptop Friendly Workspace,Pets Allowed,Pool,Safety Card,Shampoo,Smoke Detector,Suitable for Events,TV,Washer,Wireless Internet"
Atlantic,",24-Hour Check-in,Air Conditioning,Breakfast,Buzzer/Wireless Intercom,Cable TV,Carbon Monoxide Detector,Cat(s),Dog(s),Dryer,Elevator in Building,Essentials,Family/Kid Friendly,Fire Extinguisher,First Aid Kit,Free Parking on Premises,Gym,Hair Dryer,Hangers,Heating,Hot Tub,Indoor Fireplace,Internet,Iron,Kitchen,Laptop Friendly Workspace,Lock on Bedroom Door,Pets Allowed,Pets live on this property,Pool,Safety Card,Shampoo,Smoke Detector,Smoking Allowed,Suitable for Events,TV,Washer,Wheelchair Accessible,Wireless Internet"
Fremont,"24-Hour Check-in,Air Conditioning,Breakfast,Buzzer/Wireless Intercom,Cable TV,Carbon Monoxide Detector,Cat(s),Dog(s),Dryer,Elevator in Building,Essentials,Family/Kid Friendly,Fire Extinguisher,First Aid Kit,Free Parking on Premises,Gym,Hair Dryer,Hangers,Heating,Hot Tub,Indoor Fireplace,Internet,Iron,Kitchen,Laptop Friendly Workspace,Lock on Bedroom Door,Other pet(s),Pets Allowed,Pets live on this property,Safety Card,Shampoo,Smoke Detector,Smoking Allowed,Suitable for Events,TV,Washer,Wheelchair Accessible,Wireless Internet"
Wallingford,",24-Hour Check-in,Air Conditioning,Breakfast,Buzzer/Wireless Intercom,Cable TV,Carbon Monoxide Detector,Cat(s),Dog(s),Dryer,Elevator in Building,Essentials,Family/Kid Friendly,Fire Extinguisher,First Aid Kit,Free Parking on Premises,Gym,Hair Dryer,Hangers,Heating,Hot Tub,Indoor Fireplace,Internet,Iron,Kitchen,Laptop Friendly Workspace,Lock on Bedroom Door,Other pet(s),Pets Allowed,Pets live on this property,Pool,Safety Card,Shampoo,Smoke Detector,Smoking Allowed,Suitable for Events,TV,Washer,Wheelchair Accessible,Wireless Internet"
Sunset Hill,",24-Hour Check-in,Air Conditioning,Breakfast,Cable TV,Carbon Monoxide Detector,Dog(s),Dryer,Essentials,Family/Kid Friendly,Fire Extinguisher,First Aid Kit,Free Parking on Premises,Hair Dryer,Hangers,Heating,Hot Tub,Indoor Fireplace,Internet,Iron,Kitchen,Laptop Friendly Workspace,Other pet(s),Pets Allowed,Pets live on this property,Safety Card,Shampoo,Smoke Detector,TV,Washer,Wireless Internet"
High Point,"24-Hour Check-in,Air Conditioning,Breakfast,Cable TV,Carbon Monoxide Detector,Cat(s),Dog(s),Dryer,Essentials,Family/Kid Friendly,Fire Extinguisher,First Aid Kit,Free Parking on Premises,Gym,Hair Dryer,Hangers,Heating,Hot Tub,Indoor Fireplace,Internet,Iron,Kitchen,Laptop Friendly Workspace,Lock on Bedroom Door,Pets Allowed,Pets live on this property,Safety Card,Shampoo,Smoke Detector,Smoking Allowed,Suitable for Events,TV,Washer,Wireless Internet"
Windermere,"Air Conditioning,Breakfast,Buzzer/Wireless Intercom,Cable TV,Carbon Monoxide Detector,Cat(s),Dog(s),Dryer,Essentials,Family/Kid Friendly,Fire Extinguisher,First Aid Kit,Free Parking on Premises,Hair Dryer,Hangers,Heating,Hot Tub,Indoor Fireplace,Internet,Iron,Kitchen,Laptop Friendly Workspace,Pets Allowed,Pets live on this property,Safety Card,Shampoo,Smoke Detector,TV,Washer,Wireless Internet"
North College Park,",24-Hour Check-in,Air Conditioning,Breakfast,Buzzer/Wireless Intercom,Cable TV,Carbon Monoxide Detector,Cat(s),Dog(s),Dryer,Elevator in Building,Essentials,Family/Kid Friendly,Fire Extinguisher,First Aid Kit,Free Parking on Premises,Gym,Hair Dryer,Hangers,Heating,Hot Tub,Indoor Fireplace,Internet,Iron,Kitchen,Laptop Friendly Workspace,Pets Allowed,Pets live on this property,Pool,Safety Card,Shampoo,Smoke Detector,Smoking Allowed,Suitable for Events,TV,Washer,Wheelchair Accessible,Wireless Internet"
Leschi,"24-Hour Check-in,Air Conditioning,Breakfast,Cable TV,Carbon Monoxide Detector,Cat(s),Dog(s),Dryer,Elevator in Building,Essentials,Family/Kid Friendly,Fire Extinguisher,First Aid Kit,Free Parking on Premises,Hair Dryer,Hangers,Heating,Hot Tub,Indoor Fireplace,Internet,Iron,Kitchen,Laptop Friendly Workspace,Other pet(s),Pets Allowed,Pets live on this property,Safety Card,Shampoo,Smoke Detector,Smoking Allowed,Suitable for Events,TV,Washer,Wheelchair Accessible,Wireless Internet"
International District,"24-Hour Check-in,Air Conditioning,Breakfast,Buzzer/Wireless Intercom,Cable TV,Carbon Monoxide Detector,Cat(s),Dog(s),Dryer,Elevator in Building,Essentials,Family/Kid Friendly,Fire Extinguisher,First Aid Kit,Free Parking on Premises,Gym,Hair Dryer,Hangers,Heating,Indoor Fireplace,Internet,Iron,Kitchen,Laptop Friendly Workspace,Pets Allowed,Pets live on this property,Safety Card,Shampoo,Smoke Detector,Smoking Allowed,Suitable for Events,TV,Washer,Wheelchair Accessible,Wireless Internet"
Harrison/Denny-Blaine,"24-Hour Check-in,Air Conditioning,Cable TV,Carbon Monoxide Detector,Cat(s),Dog(s),Dryer,Essentials,Family/Kid Friendly,Fire Extinguisher,First Aid Kit,Free Parking on Premises,Hair Dryer,Hangers,Heating,Indoor Fireplace,Internet,Iron,Kitchen,Laptop Friendly Workspace,Lock on Bedroom Door,Other pet(s),Pets Allowed,Pets live on this property,Safety Card,Shampoo,Smoke Detector,TV,Washer,Wheelchair Accessible,Wireless Internet"
Wedgwood,"24-Hour Check-in,Air Conditioning,Breakfast,Buzzer/Wireless Intercom,Cable TV,Carbon Monoxide Detector,Cat(s),Dog(s),Dryer,Elevator in Building,Essentials,Family/Kid Friendly,Fire Extinguisher,First Aid Kit,Free Parking on Premises,Hair Dryer,Hangers,Heating,Hot Tub,Indoor Fireplace,Internet,Iron,Kitchen,Laptop Friendly Workspace,Lock on Bedroom Door,Other pet(s),Pets Allowed,Pets live on this property,Pool,Safety Card,Shampoo,Smoke Detector,Suitable for Events,TV,Washer,Wheelchair Accessible,Wireless Internet"
Fairmount Park,"24-Hour Check-in,Air Conditioning,Breakfast,Buzzer/Wireless Intercom,Cable TV,Carbon Monoxide Detector,Cat(s),Dog(s),Dryer,Elevator in Building,Essentials,Family/Kid Friendly,Fire Extinguisher,First Aid Kit,Free Parking on Premises,Gym,Hair Dryer,Hangers,Heating,Indoor Fireplace,Internet,Iron,Kitchen,Laptop Friendly Workspace,Pets Allowed,Pets live on this property,Safety Card,Shampoo,Smoke Detector,Suitable for Events,TV,Washer,Wheelchair Accessible,Wireless Internet"
First Hill,"24-Hour Check-in,Air Conditioning,Breakfast,Buzzer/Wireless Intercom,Cable TV,Carbon Monoxide Detector,Cat(s),Dog(s),Doorman,Dryer,Elevator in Building,Essentials,Family/Kid Friendly,Fire Extinguisher,First Aid Kit,Free Parking on Premises,Gym,Hair Dryer,Hangers,Heating,Hot Tub,Indoor Fireplace,Internet,Iron,Kitchen,Laptop Friendly Workspace,Lock on Bedroom Door,Pets Allowed,Pets live on this property,Pool,Safety Card,Shampoo,Smoke Detector,Smoking Allowed,Suitable for Events,TV,Washer,Wheelchair Accessible,Wireless Internet"
North Beacon Hill,",24-Hour Check-in,Air Conditioning,Breakfast,Buzzer/Wireless Intercom,Cable TV,Carbon Monoxide Detector,Cat(s),Dog(s),Dryer,Elevator in Building,Essentials,Family/Kid Friendly,Fire Extinguisher,First Aid Kit,Free Parking on Premises,Hair Dryer,Hangers,Heating,Hot Tub,Indoor Fireplace,Internet,Iron,Kitchen,Laptop Friendly Workspace,Lock on Bedroom Door,Other pet(s),Pets Allowed,Pets live on this property,Pool,Safety Card,Shampoo,Smoke Detector,Smoking Allowed,Suitable for Events,TV,Washer,Wheelchair Accessible,Wireless Internet"
Roxhill,"Cable TV,Carbon Monoxide Detector,Dryer,Essentials,Family/Kid Friendly,Fire Extinguisher,First Aid Kit,Free Parking on Premises,Heating,Hot Tub,Indoor Fireplace,Internet,Kitchen,Pets Allowed,Safety Card,Shampoo,Smoke Detector,TV,Washer,Wireless Internet"
Victory Heights,",24-Hour Check-in,Air Conditioning,Cable TV,Carbon Monoxide Detector,Dog(s),Dryer,Elevator in Building,Essentials,Family/Kid Friendly,Fire Extinguisher,First Aid Kit,Free Parking on Premises,Hair Dryer,Hangers,Heating,Hot Tub,Indoor Fireplace,Internet,Iron,Kitchen,Laptop Friendly Workspace,Pets Allowed,Pets live on this property,Safety Card,Shampoo,Smoke Detector,Suitable for Events,TV,Washer,Wireless Internet"
Cedar Park,"Air Conditioning,Buzzer/Wireless Intercom,Cable TV,Carbon Monoxide Detector,Cat(s),Dryer,Elevator in Building,Essentials,Family/Kid Friendly,Fire Extinguisher,First Aid Kit,Free Parking on Premises,Heating,Hot Tub,Indoor Fireplace,Internet,Kitchen,Pets Allowed,Pets live on this property,Safety Card,Shampoo,Smoke Detector,Smoking Allowed,TV,Washer,Wheelchair Accessible,Wireless Internet"
Seward Park,"24-Hour Check-in,Air Conditioning,Breakfast,Cable TV,Carbon Monoxide Detector,Cat(s),Dog(s),Dryer,Essentials,Family/Kid Friendly,Fire Extinguisher,First Aid Kit,Free Parking on Premises,Hair Dryer,Hangers,Heating,Hot Tub,Indoor Fireplace,Internet,Iron,Kitchen,Laptop Friendly Workspace,Lock on Bedroom Door,Other pet(s),Pets Allowed,Pets live on this property,Pool,Safety Card,Shampoo,Smoke Detector,Suitable for Events,TV,Washer,Wheelchair Accessible,Wireless Internet"
Portage Bay,"24-Hour Check-in,Air Conditioning,Buzzer/Wireless Intercom,Cable TV,Carbon Monoxide Detector,Dog(s),Dryer,Elevator in Building,Essentials,Family/Kid Friendly,Fire Extinguisher,First Aid Kit,Free Parking on Premises,Hair Dryer,Hangers,Heating,Indoor Fireplace,Internet,Iron,Kitchen,Laptop Friendly Workspace,Lock on Bedroom Door,Pets Allowed,Pets live on this property,Safety Card,Shampoo,Smoke Detector,TV,Washer,Wireless Internet"
South Lake Union,"24-Hour Check-in,Air Conditioning,Breakfast,Buzzer/Wireless Intercom,Cable TV,Carbon Monoxide Detector,Cat(s),Dog(s),Doorman,Dryer,Elevator in Building,Essentials,Family/Kid Friendly,Fire Extinguisher,First Aid Kit,Free Parking on Premises,Gym,Hair Dryer,Hangers,Heating,Hot Tub,Indoor Fireplace,Internet,Iron,Kitchen,Laptop Friendly Workspace,Pets Allowed,Pets live on this property,Safety Card,Shampoo,Smoke Detector,Smoking Allowed,Suitable for Events,TV,Washer,Wheelchair Accessible,Wireless Internet"
University District,",24-Hour Check-in,Air Conditioning,Breakfast,Buzzer/Wireless Intercom,Cable TV,Carbon Monoxide Detector,Cat(s),Dog(s),Doorman,Dryer,Elevator in Building,Essentials,Family/Kid Friendly,Fire Extinguisher,First Aid Kit,Free Parking on Premises,Gym,Hair Dryer,Hangers,Heating,Hot Tub,Indoor Fireplace,Internet,Iron,Kitchen,Laptop Friendly Workspace,Lock on Bedroom Door,Pets Allowed,Pets live on this property,Pool,Safety Card,Shampoo,Smoke Detector,Smoking Allowed,Suitable for Events,TV,Washer,Wheelchair Accessible,Wireless Internet"
Adams,",24-Hour Check-in,Air Conditioning,Breakfast,Buzzer/Wireless Intercom,Cable TV,Carbon Monoxide Detector,Cat(s),Dog(s),Dryer,Elevator in Building,Essentials,Family/Kid Friendly,Fire Extinguisher,First Aid Kit,Free Parking on Premises,Gym,Hair Dryer,Hangers,Heating,Hot Tub,Indoor Fireplace,Internet,Iron,Kitchen,Laptop Friendly Workspace,Lock on Bedroom Door,Pets Allowed,Pets live on this property,Safety Card,Shampoo,Smoke Detector,Suitable for Events,TV,Washer,Wheelchair Accessible,Wireless Internet"
Broadview,"Air Conditioning,Breakfast,Cable TV,Carbon Monoxide Detector,Cat(s),Dog(s),Dryer,Essentials,Family/Kid Friendly,Fire Extinguisher,First Aid Kit,Free Parking on Premises,Heating,Indoor Fireplace,Internet,Kitchen,Other pet(s),Pets Allowed,Pets live on this property,Safety Card,Shampoo,Smoke Detector,Smoking Allowed,TV,Washer,Wireless Internet"
Roosevelt,"24-Hour Check-in,Air Conditioning,Breakfast,Buzzer/Wireless Intercom,Cable TV,Carbon Monoxide Detector,Cat(s),Dog(s),Dryer,Elevator in Building,Essentials,Family/Kid Friendly,Fire Extinguisher,First Aid Kit,Free Parking on Premises,Gym,Hair Dryer,Hangers,Heating,Hot Tub,Indoor Fireplace,Internet,Iron,Kitchen,Laptop Friendly Workspace,Lock on Bedroom Door,Other pet(s),Pets Allowed,Pets live on this property,Safety Card,Shampoo,Smoke Detector,Smoking Allowed,Suitable for Events,TV,Washer,Wheelchair Accessible,Wireless Internet"
Holly Park,",Air Conditioning,Breakfast,Cable TV,Carbon Monoxide Detector,Dog(s),Dryer,Elevator in Building,Essentials,Family/Kid Friendly,Fire Extinguisher,First Aid Kit,Free Parking on Premises,Gym,Hair Dryer,Hangers,Heating,Hot Tub,Indoor Fireplace,Internet,Iron,Kitchen,Laptop Friendly Workspace,Lock on Bedroom Door,Pets Allowed,Pets live on this property,Safety Card,Shampoo,Smoke Detector,TV,Washer,Wireless Internet"
Yesler Terrace,",24-Hour Check-in,Air Conditioning,Breakfast,Buzzer/Wireless Intercom,Cable TV,Carbon Monoxide Detector,Dog(s),Dryer,Elevator in Building,Essentials,Family/Kid Friendly,Fire Extinguisher,First Aid Kit,Free Parking on Premises,Gym,Hair Dryer,Hangers,Heating,Indoor Fireplace,Internet,Iron,Kitchen,Laptop Friendly Workspace,Lock on Bedroom Door,Pets Allowed,Pets live on this property,Safety Card,Shampoo,Smoke Detector,Smoking Allowed,Suitable for Events,TV,Washer,Wheelchair Accessible,Wireless Internet"
Ravenna,"24-Hour Check-in,Air Conditioning,Breakfast,Buzzer/Wireless Intercom,Cable TV,Carbon Monoxide Detector,Cat(s),Dog(s),Dryer,Essentials,Family/Kid Friendly,Fire Extinguisher,First Aid Kit,Free Parking on Premises,Hair Dryer,Hangers,Heating,Hot Tub,Indoor Fireplace,Internet,Iron,Kitchen,Laptop Friendly Workspace,Lock on Bedroom Door,Pets Allowed,Pets live on this property,Safety Card,Shampoo,Smoke Detector,Suitable for Events,TV,Washer,Wheelchair Accessible,Wireless Internet"
Minor,",24-Hour Check-in,Air Conditioning,Breakfast,Buzzer/Wireless Intercom,Cable TV,Carbon Monoxide Detector,Cat(s),Dog(s),Dryer,Elevator in Building,Essentials,Family/Kid Friendly,Fire Extinguisher,First Aid Kit,Free Parking on Premises,Gym,Hair Dryer,Hangers,Heating,Hot Tub,Indoor Fireplace,Internet,Iron,Kitchen,Laptop Friendly Workspace,Lock on Bedroom Door,Other pet(s),Pets Allowed,Pets live on this property,Safety Card,Shampoo,Smoke Detector,Smoking Allowed,Suitable for Events,TV,Washer,Wheelchair Accessible,Wireless Internet"
Rainier Beach,"24-Hour Check-in,Breakfast,Buzzer/Wireless Intercom,Cable TV,Carbon Monoxide Detector,Cat(s),Dog(s),Dryer,Essentials,Family/Kid Friendly,Fire Extinguisher,First Aid Kit,Free Parking on Premises,Hair Dryer,Hangers,Heating,Hot Tub,Indoor Fireplace,Internet,Iron,Kitchen,Laptop Friendly Workspace,Lock on Bedroom Door,Other pet(s),Pets Allowed,Pets live on this property,Safety Card,Shampoo,Smoke Detector,Smoking Allowed,Suitable for Events,TV,Washer,Wheelchair Accessible,Wireless Internet"
Loyal Heights,",24-Hour Check-in,Air Conditioning,Breakfast,Buzzer/Wireless Intercom,Cable TV,Carbon Monoxide Detector,Cat(s),Dog(s),Dryer,Elevator in Building,Essentials,Family/Kid Friendly,Fire Extinguisher,First Aid Kit,Free Parking on Premises,Gym,Hair Dryer,Hangers,Heating,Hot Tub,Indoor Fireplace,Internet,Iron,Kitchen,Laptop Friendly Workspace,Lock on Bedroom Door,Pets Allowed,Pets live on this property,Safety Card,Shampoo,Smoke Detector,Smoking Allowed,Suitable for Events,TV,Washer,Washer / Dryer,Wireless Internet"
Central Business District,",24-Hour Check-in,Air Conditioning,Breakfast,Buzzer/Wireless Intercom,Cable TV,Carbon Monoxide Detector,Cat(s),Dog(s),Doorman,Dryer,Elevator in Building,Essentials,Family/Kid Friendly,Fire Extinguisher,First Aid Kit,Free Parking on Premises,Gym,Hair Dryer,Hangers,Heating,Hot Tub,Indoor Fireplace,Internet,Iron,Kitchen,Laptop Friendly Workspace,Pets Allowed,Pets live on this property,Pool,Safety Card,Shampoo,Smoke Detector,Smoking Allowed,Suitable for Events,TV,Washer,Wheelchair Accessible,Wireless Internet"
Dunlap,"Air Conditioning,Breakfast,Buzzer/Wireless Intercom,Cable TV,Carbon Monoxide Detector,Cat(s),Dog(s),Dryer,Essentials,Family/Kid Friendly,Fire Extinguisher,First Aid Kit,Free Parking on Premises,Gym,Heating,Hot Tub,Indoor Fireplace,Internet,Kitchen,Lock on Bedroom Door,Other pet(s),Pets Allowed,Pets live on this property,Safety Card,Shampoo,Smoke Detector,Suitable for Events,TV,Washer,Wheelchair Accessible,Wireless Internet"
East Queen Anne,",24-Hour Check-in,Air Conditioning,Breakfast,Buzzer/Wireless Intercom,Cable TV,Carbon Monoxide Detector,Cat(s),Dog(s),Dryer,Elevator in Building,Essentials,Family/Kid Friendly,Fire Extinguisher,First Aid Kit,Free Parking on Premises,Gym,Hair Dryer,Hangers,Heating,Hot Tub,Indoor Fireplace,Internet,Iron,Kitchen,Laptop Friendly Workspace,Pets Allowed,Pets live on this property,Safety Card,Shampoo,Smoke Detector,Smoking Allowed,Suitable for Events,TV,Washer,Wheelchair Accessible,Wireless Internet"
North Admiral,"24-Hour Check-in,Air Conditioning,Breakfast,Buzzer/Wireless Intercom,Cable TV,Carbon Monoxide Detector,Cat(s),Dog(s),Dryer,Elevator in Building,Essentials,Family/Kid Friendly,Fire Extinguisher,First Aid Kit,Free Parking on Premises,Gym,Hair Dryer,Hangers,Heating,Hot Tub,Indoor Fireplace,Internet,Iron,Kitchen,Laptop Friendly Workspace,Other pet(s),Pets Allowed,Pets live on this property,Safety Card,Shampoo,Smoke Detector,Smoking Allowed,Suitable for Events,TV,Washer,Wheelchair Accessible,Wireless Internet"
Whittier Heights,"24-Hour Check-in,Air Conditioning,Breakfast,Cable TV,Carbon Monoxide Detector,Cat(s),Dog(s),Dryer,Elevator in Building,Essentials,Family/Kid Friendly,Fire Extinguisher,First Aid Kit,Free Parking on Premises,Gym,Hair Dryer,Hangers,Heating,Hot Tub,Indoor Fireplace,Internet,Iron,Kitchen,Laptop Friendly Workspace,Lock on Bedroom Door,Other pet(s),Pets Allowed,Pets live on this property,Safety Card,Shampoo,Smoke Detector,Suitable for Events,TV,Washer,Wheelchair Accessible,Wireless Internet"
Mann,",24-Hour Check-in,Air Conditioning,Breakfast,Buzzer/Wireless Intercom,Cable TV,Carbon Monoxide Detector,Cat(s),Dog(s),Dryer,Elevator in Building,Essentials,Family/Kid Friendly,Fire Extinguisher,First Aid Kit,Free Parking on Premises,Gym,Hair Dryer,Hangers,Heating,Hot Tub,Indoor Fireplace,Internet,Iron,Kitchen,Laptop Friendly Workspace,Lock on Bedroom Door,Other pet(s),Pets Allowed,Pets live on this property,Safety Card,Shampoo,Smoke Detector,Smoking Allowed,Suitable for Events,TV,Washer,Wheelchair Accessible,Wireless Internet"
Bryant,",24-Hour Check-in,Air Conditioning,Cable TV,Carbon Monoxide Detector,Cat(s),Dog(s),Dryer,Essentials,Family/Kid Friendly,Fire Extinguisher,First Aid Kit,Free Parking on Premises,Gym,Hair Dryer,Hangers,Heating,Hot Tub,Indoor Fireplace,Internet,Iron,Kitchen,Laptop Friendly Workspace,Lock on Bedroom Door,Pets Allowed,Pets live on this property,Safety Card,Shampoo,Smoke Detector,Suitable for Events,TV,Washer,Wheelchair Accessible,Wireless Internet"
Alki,",24-Hour Check-in,Air Conditioning,Breakfast,Buzzer/Wireless Intercom,Cable TV,Carbon Monoxide Detector,Cat(s),Dog(s),Dryer,Elevator in Building,Essentials,Family/Kid Friendly,Fire Extinguisher,First Aid Kit,Free Parking on Premises,Hair Dryer,Hangers,Heating,Hot Tub,Indoor Fireplace,Internet,Iron,Kitchen,Laptop Friendly Workspace,Lock on Bedroom Door,Pets Allowed,Pets live on this property,Safety Card,Shampoo,Smoke Detector,Smoking Allowed,Suitable for Events,TV,Washer,Wheelchair Accessible,Wireless Internet"
Genesee,"24-Hour Check-in,Air Conditioning,Breakfast,Buzzer/Wireless Intercom,Cable TV,Carbon Monoxide Detector,Cat(s),Dog(s),Dryer,Elevator in Building,Essentials,Family/Kid Friendly,Fire Extinguisher,First Aid Kit,Free Parking on Premises,Hair Dryer,Hangers,Heating,Hot Tub,Indoor Fireplace,Internet,Iron,Kitchen,Laptop Friendly Workspace,Lock on Bedroom Door,Pets Allowed,Pets live on this property,Safety Card,Shampoo,Smoke Detector,Suitable for Events,TV,Washer,Wheelchair Accessible,Wireless Internet"
Mid-Beacon Hill,"24-Hour Check-in,Air Conditioning,Breakfast,Buzzer/Wireless Intercom,Cable TV,Carbon Monoxide Detector,Cat(s),Dog(s),Dryer,Essentials,Family/Kid Friendly,Fire Extinguisher,First Aid Kit,Free Parking on Premises,Gym,Hair Dryer,Hangers,Heating,Hot Tub,Indoor Fireplace,Internet,Iron,Kitchen,Laptop Friendly Workspace,Lock on Bedroom Door,Pets Allowed,Pets live on this property,Safety Card,Shampoo,Smoke Detector,Suitable for Events,TV,Washer,Wheelchair Accessible,Wireless Internet"
Meadowbrook,"24-Hour Check-in,Breakfast,Cable TV,Carbon Monoxide Detector,Cat(s),Dryer,Essentials,Family/Kid Friendly,Fire Extinguisher,First Aid Kit,Free Parking on Premises,Hair Dryer,Hangers,Heating,Hot Tub,Indoor Fireplace,Internet,Iron,Kitchen,Laptop Friendly Workspace,Lock on Bedroom Door,Pets Allowed,Pets live on this property,Safety Card,Shampoo,Smoke Detector,Smoking Allowed,Suitable for Events,TV,Washer,Wheelchair Accessible,Wireless Internet"
Maple Leaf,"24-Hour Check-in,Air Conditioning,Breakfast,Buzzer/Wireless Intercom,Cable TV,Carbon Monoxide Detector,Cat(s),Dog(s),Dryer,Elevator in Building,Essentials,Family/Kid Friendly,Fire Extinguisher,First Aid Kit,Free Parking on Premises,Gym,Hair Dryer,Hangers,Heating,Hot Tub,Indoor Fireplace,Internet,Iron,Kitchen,Laptop Friendly Workspace,Lock on Bedroom Door,Other pet(s),Pets Allowed,Pets live on this property,Pool,Safety Card,Shampoo,Smoke Detector,Smoking Allowed,Suitable for Events,TV,Washer,Wheelchair Accessible,Wireless Internet"
South Beacon Hill,"24-Hour Check-in,Cable TV,Carbon Monoxide Detector,Cat(s),Dryer,Essentials,Family/Kid Friendly,Fire Extinguisher,First Aid Kit,Free Parking on Premises,Hangers,Heating,Indoor Fireplace,Internet,Iron,Kitchen,Laptop Friendly Workspace,Lock on Bedroom Door,Pets Allowed,Pets live on this property,Shampoo,Smoke Detector,TV,Washer,Wheelchair Accessible,Wireless Internet"
Brighton,"24-Hour Check-in,Air Conditioning,Breakfast,Cable TV,Carbon Monoxide Detector,Cat(s),Dog(s),Dryer,Elevator in Building,Essentials,Family/Kid Friendly,Fire Extinguisher,First Aid Kit,Free Parking on Premises,Gym,Hair Dryer,Hangers,Heating,Hot Tub,Indoor Fireplace,Internet,Iron,Kitchen,Laptop Friendly Workspace,Lock on Bedroom Door,Pets Allowed,Pets live on this property,Safety Card,Shampoo,Smoke Detector,Suitable for Events,TV,Washer,Wireless Internet"
Pinehurst,"Carbon Monoxide Detector,Dryer,Essentials,Family/Kid Friendly,Fire Extinguisher,First Aid Kit,Free Parking on Premises,Hair Dryer,Heating,Hot Tub,Indoor Fireplace,Internet,Iron,Kitchen,Pets live on this property,Pool,Shampoo,Smoke Detector,TV,Washer,Wheelchair Accessible,Wireless Internet"
Madison Park,",Air Conditioning,Breakfast,Buzzer/Wireless Intercom,Cable TV,Carbon Monoxide Detector,Cat(s),Dog(s),Dryer,Elevator in Building,Essentials,Family/Kid Friendly,Fire Extinguisher,First Aid Kit,Free Parking on Premises,Hair Dryer,Hangers,Heating,Indoor Fireplace,Internet,Iron,Kitchen,Laptop Friendly Workspace,Pets Allowed,Pets live on this property,Pool,Safety Card,Shampoo,Smoke Detector,Suitable for Events,TV,Washer,Wireless Internet"
Stevens,",24-Hour Check-in,Air Conditioning,Breakfast,Buzzer/Wireless Intercom,Cable TV,Carbon Monoxide Detector,Cat(s),Dog(s),Dryer,Elevator in Building,Essentials,Family/Kid Friendly,Fire Extinguisher,First Aid Kit,Free Parking on Premises,Gym,Hair Dryer,Hangers,Heating,Hot Tub,Indoor Fireplace,Internet,Iron,Kitchen,Laptop Friendly Workspace,Lock on Bedroom Door,Other pet(s),Pets Allowed,Pets live on this property,Pool,Safety Card,Shampoo,Smoke Detector,Smoking Allowed,TV,Washer,Wheelchair Accessible,Wireless Internet"
Greenwood,",24-Hour Check-in,Air Conditioning,Breakfast,Buzzer/Wireless Intercom,Cable TV,Carbon Monoxide Detector,Cat(s),Dog(s),Dryer,Elevator in Building,Essentials,Family/Kid Friendly,Fire Extinguisher,First Aid Kit,Free Parking on Premises,Gym,Hair Dryer,Hangers,Heating,Hot Tub,Indoor Fireplace,Internet,Iron,Kitchen,Laptop Friendly Workspace,Lock on Bedroom Door,Other pet(s),Pets Allowed,Pets live on this property,Pool,Safety Card,Shampoo,Smoke Detector,Smoking Allowed,Suitable for Events,TV,Washer,Wheelchair Accessible,Wireless Internet"
South Park,"Air Conditioning,Cable TV,Carbon Monoxide Detector,Dryer,Essentials,Family/Kid Friendly,Fire Extinguisher,First Aid Kit,Free Parking on Premises,Hair Dryer,Hangers,Heating,Internet,Iron,Kitchen,Laptop Friendly Workspace,Shampoo,Smoke Detector,TV,Washer,Wireless Internet"
Madrona,"24-Hour Check-in,Air Conditioning,Breakfast,Buzzer/Wireless Intercom,Cable TV,Carbon Monoxide Detector,Cat(s),Dog(s),Dryer,Essentials,Family/Kid Friendly,Fire Extinguisher,First Aid Kit,Free Parking on Premises,Gym,Hair Dryer,Hangers,Heating,Hot Tub,Indoor Fireplace,Internet,Iron,Kitchen,Laptop Friendly Workspace,Lock on Bedroom Door,Other pet(s),Pets Allowed,Pets live on this property,Safety Card,Shampoo,Smoke Detector,Suitable for Events,TV,Washer,Wheelchair Accessible,Wireless Internet"
